GEOID,NAME,TYPE,tot_popE_19,pop_3t4E_19,med_incE_19,giniE_19,less_hsE_19,hs_degE_19,ba_degE_19,his_popE_19,wh_popE_19,bl_popE_19,as_popE_19,rohhE_19,thhE_19,es_3t4E_19,empE_19,emp_pubtrE_19,pop_bpE_19,bp_u18E_19,pop_o25E_19,pop_u18E_19,pop_18t24E_19,wh_per_19,bl_per_19,as_per_19,his_per_19,emp_r_19,hs_18t24_per_19,es_3t4_per_19,emp_pubtr_per_19,bp_per_19,cbp_per_19,rohh_per_19,per_rohh,per_tot_pop,per_med_inc,per_gini,per_less_hs,per_hs_deg,per_ba_deg,per_wh,per_bl,per_as,per_his,per_emp_r,per_hs_18t24,per_es_3t4,per_emp_pubtr,per_bp,per_cbp
75098,ZCTA5 75098,ZIP,56376,1979,94641,0.3373,2331,6564,11585,12002,31612,6096,4274,3505,17367,226,29309,240,3660,1499,34959,16993,4424,0.560735064566482,0.108131119625373,0.0758124024407549,0.212892010784731,0.8395,0.376130198915009,0.114199090449722,0.00818861100685796,0.0649212430821626,0.0882127935032072,0.201819542811078,0,0,0,0,0,0,0,0,0,0,0,0,0,0,0,0,0
75101,ZCTA5 75101,ZIP,517,22,47143,0.333,87,76,15,284,168,63,0,49,170,6,200,0,87,19,342,144,31,0.32495164410058,0.121856866537718,0,0.549323017408124,0.76125,0.258064516129032,0.272727272727273,0,0.168278529980658,0.131944444444444,0.288235294117647,0,0,0,0,0,0,0,0,0,0,0,0,0,0,0,0,0
75103,ZCTA5 75103,ZIP,14530,243,61083,0.463,835,2196,1293,1277,12380,310,228,938,5464,0,5546,0,1343,333,10561,3065,904,0.852030282174811,0.0213351686166552,0.015691672401927,0.0878871300757054,0.68175,0.444690265486726,0,0,0.0924294562973159,0.108646003262643,0.171669106881406,0,0,0,0,0,0,0,0,0,0,0,0,0,0,0,0,0
75104,ZCTA5 75104,ZIP,49171,1374,73171,0.3967,2211,6359,7756,11368,8498,25923,1531,4639,15621,204,23951,261,4865,2162,30676,14402,4093,0.172825445892904,0.527200992454902,0.0311362388399667,0.231193182973704,0.8305,0.454434400195456,0.148471615720524,0.0108972485491211,0.0989404323686726,0.150118039161228,0.296972024838359,0,0,0,0,0,0,0,0,0,0,0,0,0,0,0,0,0
75105,ZCTA5 75105,ZIP,161,0,42212,0.2625,4,26,12,82,67,12,0,4,51,0,69,0,4,0,95,27,39,0.416149068322981,0.0745341614906832,0,0.509316770186335,0.34525,0.717948717948718,0,0,0.0248447204968944,0,0.0784313725490196,0,0,0,0,0,0,0,0,0,0,0,0,0,0,0,0,0
75110,ZCTA5 75110,ZIP,28558,876,44906,0.4676,3534,3512,1914,9963,12740,4329,307,3692,9935,91,12288,76,4955,1771,18179,7767,2612,0.446109671545626,0.151586245535402,0.0107500525246866,0.348868968415155,0.73725,0.525267993874426,0.103881278538813,0.00618489583333333,0.173506548077596,0.228015964980044,0.371615500754907,0,0,0,0,0,0,0,0,0,0,0,0,0,0,0,0,0
75114,ZCTA5 75114,ZIP,6829,223,75673,0.409,679,1334,599,1600,4674,377,15,398,2013,8,3358,26,420,114,4458,1802,569,0.684434031336945,0.0552057402255089,0.00219651486308391,0.23429491872895,0.77075,0.53427065026362,0.0358744394618834,0.00774270399047052,0.0615024161663494,0.0632630410654828,0.197714853452558,0,0,0,0,0,0,0,0,0,0,0,0,0,0,0,0,0
75115,ZCTA5 75115,ZIP,52916,1514,72084,0.4039,2742,6086,7989,9629,6741,35266,257,6916,19183,221,26058,337,5327,2358,35397,14160,3359,0.127390581298662,0.666452490740041,0.00485675410083907,0.181967646836496,0.84025,0.536469187258113,0.145970937912814,0.012932688617699,0.100668984806108,0.166525423728814,0.360527550435281,0,0,0,0,0,0,0,0,0,0,0,0,0,0,0,0,0
75116,ZCTA5 75116,ZIP,19867,759,45827,0.3953,2017,2604,1635,9652,4553,5164,255,2877,6574,53,8150,69,3474,1394,12146,5838,1883,0.229174007147531,0.259928524689183,0.0128353551114914,0.485830774651432,0.7225,0.473712161444504,0.069828722002635,0.00846625766871166,0.174862837871848,0.23878040424803,0.437633100091269,0,0,0,0,0,0,0,0,0,0,0,0,0,0,0,0,0
75119,ZCTA5 75119,ZIP,28598,839,60229,0.4016,3315,4478,2301,11738,13127,3058,48,2925,9509,174,13439,0,3930,1733,17983,7507,3108,0.459018113154766,0.106930554584237,0.00167843905168194,0.41044828309672,0.78825,0.388674388674389,0.207389749702026,0,0.137422197356458,0.230851205541495,0.307603323167526,0,0,0,0,0,0,0,0,0,0,0,0,0,0,0,0,0
75124,ZCTA5 75124,ZIP,4255,91,54432,0.4342,307,828,276,344,3717,142,25,319,1717,23,1579,7,515,124,3270,734,251,0.873560517038778,0.0333725029377203,0.00587544065804935,0.0808460634547591,0.6905,0.350597609561753,0.252747252747253,0.00443318556048132,0.121034077555817,0.168937329700272,0.185789167152009,0,0,0,0,0,0,0,0,0,0,0,0,0,0,0,0,0
75125,ZCTA5 75125,ZIP,6326,260,63927,0.3872,1084,780,319,3595,2254,450,4,443,2063,24,2612,0,928,353,3859,1944,523,0.356307303193171,0.0711349984192223,0.000632311097059754,0.568289598482453,0.70975,0.604206500956023,0.0923076923076923,0,0.146696174517863,0.181584362139918,0.214735821619001,0,0,0,0,0,0,0,0,0,0,0,0,0,0,0,0,0
75126,ZCTA5 75126,ZIP,48987,1849,99729,0.3341,1857,6496,7901,9213,30373,7584,1171,1986,14280,207,24764,52,2645,906,29647,15611,3729,0.62002163839386,0.154816583991671,0.0239043011411191,0.188070304366465,0.83875,0.340037543577367,0.111952406706328,0.00209982232272654,0.0539939167534244,0.0580360002562296,0.139075630252101,0,0,0,0,0,0,0,0,0,0,0,0,0,0,0,0,0
75132,ZCTA5 75132,ZIP,1559,31,76765,0.2517,10,325,415,186,1189,119,45,58,602,10,874,0,0,0,1083,456,20,0.762668377164849,0.0763309813983323,0.0288646568313021,0.119307248236049,0.895,0,0.32258064516129,0,0,0,0.0963455149501661,0,0,0,0,0,0,0,0,0,0,0,0,0,0,0,0,0
75134,ZCTA5 75134,ZIP,21879,451,54140,0.4019,1250,3146,2122,4238,1177,15723,198,3284,7274,74,10392,364,4503,2367,13013,6817,2049,0.0537958773252891,0.718634306869601,0.00904977375565611,0.193701723113488,0.85575,0.494875549048316,0.164079822616408,0.0350269438029253,0.205813794049088,0.347220184832038,0.451470992576299,0,0,0,0,0,0,0,0,0,0,0,0,0,0,0,0,0
75135,ZCTA5 75135,ZIP,7363,204,78580,0.3492,190,1581,430,1014,6057,109,26,409,2358,75,3392,36,392,137,4869,2091,403,0.82262664674725,0.0148037484720902,0.00353116936031509,0.137715605052288,0.7985,0.387096774193548,0.367647058823529,0.0106132075471698,0.0532391688170583,0.0655188904830225,0.173452078032231,0,0,0,0,0,0,0,0,0,0,0,0,0,0,0,0,0
75137,ZCTA5 75137,ZIP,19548,485,65291,0.4042,1253,2702,2427,6062,4780,8278,205,2002,6932,84,9026,52,1992,720,12809,4736,2003,0.244526294250051,0.423470431757725,0.0104870063433599,0.310108450992429,0.774,0.499251123315028,0.17319587628866,0.00576113450033237,0.101903007980356,0.152027027027027,0.288805539526832,0,0,0,0,0,0,0,0,0,0,0,0,0,0,0,0,0
75141,ZCTA5 75141,ZIP,5782,131,35707,0.5147,1061,1367,186,2321,1329,1905,14,433,1131,0,1395,0,1269,694,3641,1342,799,0.229851262538914,0.329470771359391,0.00242130750605327,0.401418194396403,0.3245,0.620775969962453,0,0,0.219474230370114,0.517138599105812,0.382847038019452,0,0,0,0,0,0,0,0,0,0,0,0,0,0,0,0,0
75142,ZCTA5 75142,ZIP,19261,425,55700,0.4357,2355,3570,1197,6142,11851,952,3,1567,5642,25,8466,0,3369,1441,12361,5306,1594,0.615284772337885,0.0494263018534863,0.000155755152899642,0.318882716369867,0.73725,0.559598494353827,0.0588235294117647,0,0.174913036706298,0.271579344138711,0.277738390641616,0,0,0,0,0,0,0,0,0,0,0,0,0,0,0,0,0
75143,ZCTA5 75143,ZIP,14510,309,50390,0.4388,1172,2671,1115,2232,11744,229,50,1103,5339,64,5832,3,1949,483,9944,3195,1371,0.809372846312888,0.0157822191592006,0.00344589937973811,0.153824948311509,0.72575,0.554339897884756,0.207119741100324,0.00051440329218107,0.134321157822192,0.151173708920188,0.206592994942873,0,0,0,0,0,0,0,0,0,0,0,0,0,0,0,0,0
75146,ZCTA5 75146,ZIP,19701,628,60701,0.4111,877,2782,2542,3600,2706,12976,71,2538,6873,70,9265,69,2020,863,12084,6028,1589,0.137353433835846,0.658646769199533,0.00360387797573727,0.182731841023298,0.835,0.581497797356828,0.111464968152866,0.00744738262277388,0.102532866351962,0.143165228931652,0.369271060672196,0,0,0,0,0,0,0,0,0,0,0,0,0,0,0,0,0
75147,ZCTA5 75147,ZIP,6636,84,43154,0.5224,378,1665,332,683,5453,185,97,762,2480,18,2849,0,1144,378,4709,1384,543,0.821729957805907,0.0278782399035564,0.0146172393007836,0.102923447860157,0.78875,0.23572744014733,0.214285714285714,0,0.172393007836046,0.273121387283237,0.307258064516129,0,0,0,0,0,0,0,0,0,0,0,0,0,0,0,0,0
75149,ZCTA5 75149,ZIP,56473,1704,50648,0.3875,6694,8036,3579,24251,16143,13761,955,6844,18138,178,25073,64,9709,4206,33535,17014,5924,0.285853416676996,0.243673968090946,0.0169107361039789,0.429426451578631,0.7675,0.358541525995949,0.104460093896714,0.00255254656403302,0.171922865794273,0.24720818149759,0.377329363766678,0,0,0,0,0,0,0,0,0,0,0,0,0,0,0,0,0
75150,ZCTA5 75150,ZIP,60671,1970,54440,0.3914,5879,8980,5577,27448,16598,13225,1881,11315,21086,405,28933,229,7501,2670,36985,17101,6585,0.273573865603006,0.217978935570536,0.0310032799854955,0.452407245636301,0.78875,0.322247532270311,0.205583756345178,0.00791483772854526,0.12363402614099,0.156131220396468,0.536611970027506,0,0,0,0,0,0,0,0,0,0,0,0,0,0,0,0,0
75152,ZCTA5 75152,ZIP,5195,99,67460,0.3957,398,943,438,1802,3058,198,2,402,1636,18,2344,41,658,362,2996,1790,409,0.588642925890279,0.0381135707410972,0.000384985563041386,0.346871992300289,0.792,0.112469437652812,0.181818181818182,0.0174914675767918,0.126660250240616,0.202234636871508,0.245721271393643,0,0,0,0,0,0,0,0,0,0,0,0,0,0,0,0,0
75154,ZCTA5 75154,ZIP,40947,988,78699,0.3936,2628,5794,5556,10528,17593,11354,178,2650,12899,197,19667,43,3701,1398,25772,11436,3739,0.429652966029257,0.27728527120424,0.0043470828143698,0.257112853200479,0.812,0.450387804225729,0.199392712550607,0.00218640362027762,0.0903851319999023,0.122245540398741,0.205442282347469,0,0,0,0,0,0,0,0,0,0,0,0,0,0,0,0,0
75155,ZCTA5 75155,ZIP,3233,153,53698,0.3728,530,483,96,1642,1504,64,0,167,947,3,1263,0,390,186,1901,1059,273,0.465202598206001,0.0197958552428085,0,0.507887411073306,0.681,0.476190476190476,0.0196078431372549,0,0.120630992885865,0.175637393767705,0.176346356916579,0,0,0,0,0,0,0,0,0,0,0,0,0,0,0,0,0
75156,ZCTA5 75156,ZIP,16578,175,47857,0.519,1453,3288,1185,1579,14419,342,19,1650,6730,35,6470,13,3407,1230,12077,3338,1163,0.869767161298106,0.0206297502714441,0.00114609723730245,0.0952467125105562,0.682,0.486672398968186,0.2,0.00200927357032458,0.205513330920497,0.36848412222888,0.24517087667162,0,0,0,0,0,0,0,0,0,0,0,0,0,0,0,0,0
75157,ZCTA5 75157,ZIP,261,3,40500,0.4762,39,51,13,55,151,23,0,25,98,0,111,0,73,31,175,75,11,0.578544061302682,0.0881226053639847,0,0.210727969348659,0.76725,0.545454545454545,0,0,0.279693486590038,0.413333333333333,0.255102040816327,0,0,0,0,0,0,0,0,0,0,0,0,0,0,0,0,0
75158,ZCTA5 75158,ZIP,4191,138,63750,0.4566,191,965,409,386,3551,99,11,187,1373,7,1729,9,680,243,3010,1030,151,0.847291815795753,0.0236220472440945,0.0026246719160105,0.0921021235981866,0.72225,0.370860927152318,0.0507246376811594,0.00520532099479468,0.162252445717013,0.235922330097087,0.136198106336489,0,0,0,0,0,0,0,0,0,0,0,0,0,0,0,0,0
75159,ZCTA5 75159,ZIP,20098,520,55712,0.4169,3013,3488,1266,8107,8731,2844,84,1399,5359,102,7517,2,2436,1060,12876,5557,1665,0.434421335456264,0.141506617573888,0.00417952035028361,0.403373469997015,0.6105,0.402402402402402,0.196153846153846,0.000266063589197818,0.121206090158225,0.190750404894727,0.261056167195372,0,0,0,0,0,0,0,0,0,0,0,0,0,0,0,0,0
75160,ZCTA5 75160,ZIP,25525,687,54596,0.4497,2270,4182,2419,6897,13484,4286,298,3102,8313,28,11308,0,4339,1588,17058,6289,2178,0.528266405484819,0.167913809990206,0.0116748285994123,0.270205680705191,0.74875,0.400367309458219,0.0407569141193595,0,0.169990205680705,0.252504372714263,0.373150487188741,0,0,0,0,0,0,0,0,0,0,0,0,0,0,0,0,0
75161,ZCTA5 75161,ZIP,6529,81,58125,0.3866,513,1842,292,759,4673,797,0,348,2106,0,3008,0,729,175,4691,1365,473,0.71572982079951,0.122070761219176,0,0.116250574360545,0.71825,0.591966173361522,0,0,0.111655689998468,0.128205128205128,0.165242165242165,0,0,0,0,0,0,0,0,0,0,0,0,0,0,0,0,0
75164,ZCTA5 75164,ZIP,633,0,48656,0.4238,27,198,23,133,448,37,0,71,265,0,309,0,89,30,426,120,87,0.707740916271722,0.0584518167456556,0,0.210110584518167,0.8465,0.344827586206897,0,0,0.140600315955766,0.25,0.267924528301887,0,0,0,0,0,0,0,0,0,0,0,0,0,0,0,0,0
75165,ZCTA5 75165,ZIP,45059,1459,69827,0.421,2976,6176,5355,11138,28412,4523,330,5855,15459,105,21575,115,4951,2022,29294,11569,4196,0.630551055283073,0.100379502430147,0.00732373110810271,0.247187021460752,0.8035,0.349857006673022,0.0719671007539411,0.00533024333719583,0.109878159746111,0.17477742242199,0.378743773853419,0,0,0,0,0,0,0,0,0,0,0,0,0,0,0,0,0
75166,ZCTA5 75166,ZIP,4395,116,93047,0.3476,58,591,784,727,2944,450,120,163,1389,9,2335,7,84,20,2769,1341,285,0.669852104664391,0.102389078498294,0.0273037542662116,0.165415244596132,0.88125,0.624561403508772,0.0775862068965517,0.00299785867237687,0.0191126279863481,0.0149142431021626,0.117350611951044,0,0,0,0,0,0,0,0,0,0,0,0,0,0,0,0,0
75167,ZCTA5 75167,ZIP,12170,263,104907,0.3615,817,1338,2001,2005,9322,578,74,196,3656,42,6285,13,255,36,8058,3187,925,0.765981922760887,0.047493837304848,0.00608052588331964,0.164749383730485,0.85475,0.345945945945946,0.159695817490494,0.0020684168655529,0.0209531635168447,0.0112958895513022,0.0536105032822757,0,0,0,0,0,0,0,0,0,0,0,0,0,0,0,0,0
75169,ZCTA5 75169,ZIP,14142,339,47674,0.4644,1285,2405,715,1169,12057,596,0,1307,5379,0,5588,0,2137,649,9962,3270,910,0.85256682223165,0.0421439683213124,0,0.0826615754490171,0.7415,0.687912087912088,0,0,0.151110168293028,0.198470948012232,0.242981966908347,0,0,0,0,0,0,0,0,0,0,0,0,0,0,0,0,0
75172,ZCTA5 75172,ZIP,4619,112,44891,0.3329,728,726,169,2055,1137,1297,12,609,1384,18,1995,0,1242,571,2954,1284,381,0.246157176878112,0.280796709244425,0.00259796492747348,0.444901493829833,0.64225,0.398950131233596,0.160714285714286,0,0.268889369993505,0.444704049844237,0.440028901734104,0,0,0,0,0,0,0,0,0,0,0,0,0,0,0,0,0
75173,ZCTA5 75173,ZIP,4409,118,79150,0.3971,190,923,502,813,3362,110,24,137,1421,16,2291,0,355,110,3037,1010,362,0.762531186210025,0.0249489680199592,0.00544341120435473,0.184395554547516,0.86875,0.806629834254144,0.135593220338983,0,0.0805171240644137,0.108910891089109,0.0964109781843772,0,0,0,0,0,0,0,0,0,0,0,0,0,0,0,0,0
75180,ZCTA5 75180,ZIP,23941,844,50278,0.3872,4812,3006,754,13712,4767,5187,247,2586,6372,156,10374,152,4492,2230,13305,8206,2430,0.199114489787394,0.216657616640909,0.0103170293638528,0.57274132241761,0.782,0.633744855967078,0.184834123222749,0.0146520146520147,0.187627918633307,0.271752376310017,0.405838041431262,0,0,0,0,0,0,0,0,0,0,0,0,0,0,0,0,0
75181,ZCTA5 75181,ZIP,28263,1005,88149,0.3062,1921,4037,3195,9881,6651,10011,1085,1056,8040,148,13354,44,1216,405,17234,8504,2525,0.235325337013056,0.354208682730071,0.0383894137211195,0.349609029473163,0.801,0.292277227722772,0.14726368159204,0.00329489291598023,0.0430244489261579,0.0476246472248354,0.13134328358209,0,0,0,0,0,0,0,0,0,0,0,0,0,0,0,0,0
75182,ZCTA5 75182,ZIP,6325,147,136118,0.3306,272,595,1637,783,3242,491,1501,63,1860,10,3070,28,308,125,4130,1748,447,0.512569169960474,0.0776284584980237,0.237312252964427,0.123794466403162,0.8075,0.487695749440716,0.0680272108843538,0.00912052117263844,0.0486956521739131,0.0715102974828375,0.0338709677419355,0,0,0,0,0,0,0,0,0,0,0,0,0,0,0,0,0
75189,ZCTA5 75189,ZIP,29135,766,90694,0.3636,1432,4770,4256,6658,19718,1748,214,1422,9258,153,14090,80,1364,389,18231,8578,2326,0.676780504547795,0.0599965677020765,0.00734511755620388,0.228522395743951,0.826,0.492691315563199,0.199738903394256,0.0056777856635912,0.0468165436759911,0.0453485660993239,0.153596889176928,0,0,0,0,0,0,0,0,0,0,0,0,0,0,0,0,0
76001,ZCTA5 76001,ZIP,33748,932,88135,0.3745,1211,3355,6954,6234,15660,9492,1378,1943,10489,46,16742,14,3312,1318,20698,9628,3422,0.464027497925803,0.281261111769586,0.0408320493066256,0.184722057603414,0.7735,0.578609000584454,0.0493562231759657,0.000836220284314897,0.0981391489866066,0.136892397174907,0.185241681761846,0,0,0,0,0,0,0,0,0,0,0,0,0,0,0,0,0
76002,ZCTA5 76002,ZIP,36460,1043,89512,0.3634,2101,4890,6796,8627,9197,14324,3309,1476,9669,31,18861,18,2212,789,21843,10568,4049,0.252249040043884,0.392868897421832,0.0907569939659901,0.236615469007131,0.81875,0.38676216349716,0.0297219558964525,0.00095435024654048,0.0606692265496434,0.0746593489780469,0.15265280794291,0,0,0,0,0,0,0,0,0,0,0,0,0,0,0,0,0
76006,ZCTA5 76006,ZIP,24684,817,48116,0.4589,1039,2965,5955,5643,8822,7771,1555,8820,11553,44,14282,101,2779,1137,16607,5141,2936,0.357397504456328,0.314819316156215,0.062996272889321,0.228609625668449,0.82675,0.237057220708447,0.0538555691554468,0.00707183867805629,0.112583049748825,0.221163197821436,0.763438068034277,0,0,0,0,0,0,0,0,0,0,0,0,0,0,0,0,0
76008,ZCTA5 76008,ZIP,19338,464,133297,0.3888,326,1478,5465,1679,16807,224,87,655,5955,80,9406,46,736,311,12013,5890,1435,0.869117799151929,0.011583410900817,0.00449891405522805,0.0868238701003206,0.75425,0.259233449477352,0.172413793103448,0.00489049542844993,0.0380597786741131,0.0528013582342954,0.109991603694374,0,0,0,0,0,0,0,0,0,0,0,0,0,0,0,0,0
76009,ZCTA5 76009,ZIP,20417,457,59978,0.3913,2273,4461,1175,6314,13283,351,38,1637,6709,63,9101,0,2919,1312,13191,5880,1346,0.650585296566587,0.0171915560562277,0.00186119410295342,0.309252093843366,0.7935,0.444279346210996,0.137855579868709,0,0.142969094382133,0.22312925170068,0.244000596214041,0,0,0,0,0,0,0,0,0,0,0,0,0,0,0,0,0
76010,ZCTA5 76010,ZIP,60097,2184,39073,0.4408,11580,8231,3252,36985,10129,9110,2241,11638,17734,333,25656,99,17070,7361,31791,19135,9171,0.168544186897848,0.15158826563722,0.0372897149608134,0.615421734861973,0.73925,0.262566786609966,0.152472527472527,0.00385874649204864,0.284040800705526,0.38468774496995,0.656253524303598,0,0,0,0,0,0,0,0,0,0,0,0,0,0,0,0,0
76011,ZCTA5 76011,ZIP,22622,496,40102,0.4401,2682,3170,2888,8893,6033,6514,548,7820,9702,104,12333,40,5958,2346,14914,5175,2533,0.266687295553002,0.287949783396694,0.0242242065246221,0.393112898947927,0.81375,0.271614686142914,0.209677419354839,0.00324333090083516,0.263371938820617,0.453333333333333,0.806019377447949,0,0,0,0,0,0,0,0,0,0,0,0,0,0,0,0,0
76012,ZCTA5 76012,ZIP,25719,424,65022,0.4733,1019,2610,4952,4877,15804,3506,851,3956,10295,67,12824,29,3398,1107,18024,5362,2333,0.614487343986936,0.136319452544811,0.0330883782417668,0.18962634628096,0.823,0.456065152164595,0.158018867924528,0.0022613849033063,0.13212022240367,0.206452816113391,0.384264205925206,0,0,0,0,0,0,0,0,0,0,0,0,0,0,0,0,0
76013,ZCTA5 76013,ZIP,34203,664,55166,0.4668,1068,3654,6894,5276,21142,4693,1971,6285,12877,100,16603,72,5585,1494,22347,7268,4588,0.618132912317633,0.137210186240973,0.0576265239891238,0.154255474665965,0.79725,0.198779424585876,0.150602409638554,0.00433656568090104,0.163289769903225,0.205558613098514,0.488079521627708,0,0,0,0,0,0,0,0,0,0,0,0,0,0,0,0,0
76014,ZCTA5 76014,ZIP,35096,846,52588,0.3498,4261,5785,3002,14361,6795,9396,3859,5449,10977,40,16467,50,5929,2710,21720,9781,3595,0.193611807613403,0.26772281741509,0.109955550490084,0.409191930704354,0.7805,0.429485396383866,0.0472813238770686,0.00303637578186676,0.168936630955095,0.277067784480114,0.496401566912636,0,0,0,0,0,0,0,0,0,0,0,0,0,0,0,0,0
76015,ZCTA5 76015,ZIP,16961,472,57274,0.4128,1135,2044,2631,4400,7859,2937,912,3485,6482,98,8632,0,2274,758,11257,3744,1960,0.463357113377749,0.173161959790107,0.0537704144802783,0.25941866635222,0.8,0.38265306122449,0.207627118644068,0,0.134072283473852,0.202457264957265,0.537642702869485,0,0,0,0,0,0,0,0,0,0,0,0,0,0,0,0,0
76016,ZCTA5 76016,ZIP,32026,362,82490,0.4136,796,3403,7082,4222,21449,3233,2260,2292,11278,38,15710,16,2241,618,22514,6807,2705,0.6697370886155,0.100949228751639,0.0705676637731843,0.131830387809904,0.8145,0.366728280961183,0.104972375690608,0.00101845957988542,0.0699743958034097,0.0907888937858087,0.203227522610392,0,0,0,0,0,0,0,0,0,0,0,0,0,0,0,0,0
76017,ZCTA5 76017,ZIP,47499,1213,75525,0.3924,1828,5290,9093,8082,25587,9403,2722,5433,17029,115,25768,136,4008,1377,31876,11061,4562,0.538685024947894,0.197962062359208,0.0573064696098865,0.170150950546327,0.83375,0.557211749232793,0.0948062654575433,0.00527786401738591,0.0843807238047117,0.124491456468674,0.319043983792354,0,0,0,0,0,0,0,0,0,0,0,0,0,0,0,0,0
76018,ZCTA5 76018,ZIP,31200,683,67962,0.3212,2262,4446,4227,9906,6884,8275,4762,2726,9200,43,16924,13,2677,1198,19258,8428,3514,0.220641025641026,0.265224358974359,0.152628205128205,0.3175,0.84675,0.240182128628344,0.0629575402635432,0.000768139919640747,0.0858012820512821,0.142145230185097,0.296304347826087,0,0,0,0,0,0,0,0,0,0,0,0,0,0,0,0,0
76020,ZCTA5 76020,ZIP,29131,788,67674,0.4351,1628,5646,3184,2866,25328,91,104,2373,10335,131,13221,17,2757,720,20601,6444,2086,0.869451786756376,0.00312381998558237,0.00357007998352271,0.09838316569977,0.76425,0.580057526366251,0.166243654822335,0.00128583314424022,0.094641447255501,0.111731843575419,0.229608127721335,0,0,0,0,0,0,0,0,0,0,0,0,0,0,0,0,0
76021,ZCTA5 76021,ZIP,35794,1082,74148,0.3805,881,3444,8314,4388,23577,4041,2014,6782,14929,141,19087,94,1949,468,25557,7389,2848,0.658685813264793,0.112896016092082,0.0562664133653685,0.122590378275689,0.84975,0.405196629213483,0.130314232902033,0.0049248179389113,0.0544504665586411,0.0633373934226553,0.454283609082993,0,0,0,0,0,0,0,0,0,0,0,0,0,0,0,0,0
76022,ZCTA5 76022,ZIP,13495,227,61129,0.3681,402,1691,2244,2490,8111,1764,603,2582,5526,28,7238,87,752,207,9799,2885,811,0.601037421267136,0.130715079659133,0.0446832160059281,0.184512782512042,0.85325,0.293464858199753,0.123348017621145,0.0120198949986184,0.0557243423490182,0.0717504332755633,0.467245747376041,0,0,0,0,0,0,0,0,0,0,0,0,0,0,0,0,0
76028,ZCTA5 76028,ZIP,70507,1957,80435,0.3978,2274,10716,9789,9710,55127,3009,784,5905,24275,145,34446,71,4654,1621,46652,18890,4965,0.781865630362943,0.0426766136695647,0.0111194633156992,0.137716822443162,0.80475,0.381067472306143,0.0740929994890138,0.00206119723625385,0.0660076304480406,0.0858125992588671,0.243254376930999,0,0,0,0,0,0,0,0,0,0,0,0,0,0,0,0,0
76031,ZCTA5 76031,ZIP,17668,587,57366,0.4236,1844,3808,1365,5145,11893,399,12,1355,6003,61,7824,0,2204,951,11509,4491,1668,0.673137876386688,0.0225832012678288,0.000679194023092597,0.291204437400951,0.69875,0.642685851318945,0.103918228279387,0,0.12474530224134,0.211756847027388,0.225720473096785,0,0,0,0,0,0,0,0,0,0,0,0,0,0,0,0,0
76033,ZCTA5 76033,ZIP,26081,697,55938,0.4331,1724,4618,2469,5749,18653,927,291,3716,9889,9,11613,49,2859,1159,17219,6319,2543,0.71519496951804,0.0355431156780798,0.0111575476400445,0.220428664545071,0.79375,0.568619740464019,0.0129124820659971,0.00421940928270042,0.109620029906829,0.183415097325526,0.375771058752149,0,0,0,0,0,0,0,0,0,0,0,0,0,0,0,0,0
76034,ZCTA5 76034,ZIP,26418,560,163315,0.4361,86,1046,9525,1058,23090,498,1358,375,9290,0,12656,13,1013,260,18757,6190,1471,0.874025285789992,0.0188507835566659,0.0514043455219926,0.0400484518131577,0.7885,0.324949014276003,0,0.00102718078381795,0.0383450677568325,0.0420032310177706,0.0403659849300323,0,0,0,0,0,0,0,0,0,0,0,0,0,0,0,0,0
76035,ZCTA5 76035,ZIP,2211,8,108274,0.4654,168,391,343,213,1933,21,24,63,721,2,1206,0,218,78,1594,402,215,0.874265038444143,0.00949796472184532,0.0108548168249661,0.0963364993215739,0.89025,0.753488372093023,0.25,0,0.0985979194934419,0.194029850746269,0.087378640776699,0,0,0,0,0,0,0,0,0,0,0,0,0,0,0,0,0
76036,ZCTA5 76036,ZIP,27056,643,76355,0.3762,958,3937,3623,5879,14520,5247,842,2237,8985,0,13110,22,1758,627,17303,7260,2493,0.536664695446481,0.193931105854524,0.03112063867534,0.217290065050266,0.82175,0.579221821099077,0,0.00167810831426392,0.0649763453577765,0.0863636363636364,0.248970506399555,0,0,0,0,0,0,0,0,0,0,0,0,0,0,0,0,0
76039,ZCTA5 76039,ZIP,36087,857,70748,0.3967,1614,4077,9087,7216,19461,3404,4407,8675,15082,137,20942,222,3255,913,25747,7851,2489,0.539280073156538,0.094327597195666,0.122121539612603,0.199961204866018,0.851,0.289272800321414,0.159859976662777,0.0106007067137809,0.0901986865076066,0.11629091835435,0.575188966980507,0,0,0,0,0,0,0,0,0,0,0,0,0,0,0,0,0
76040,ZCTA5 76040,ZIP,31519,842,56997,0.4068,1996,4240,5381,7096,12950,6498,3507,6354,11308,156,16494,254,3570,1299,20552,8345,2622,0.410863288809924,0.206161362987404,0.111266220375012,0.225134046130905,0.82675,0.340961098398169,0.185273159144893,0.0153995392263854,0.113265014753006,0.155662073097663,0.56190307746728,0,0,0,0,0,0,0,0,0,0,0,0,0,0,0,0,0
76041,ZCTA5 76041,ZIP,395,3,133629,0.2326,49,48,105,193,202,0,0,25,140,0,235,0,13,9,304,67,24,0.511392405063291,0,0,0.488607594936709,0.84675,0.75,0,0,0.0329113924050633,0.134328358208955,0.178571428571429,0,0,0,0,0,0,0,0,0,0,0,0,0,0,0,0,0
76044,ZCTA5 76044,ZIP,4401,80,69067,0.3782,218,969,295,981,3109,225,0,353,1650,2,2097,0,450,122,3061,927,413,0.706430356737105,0.0511247443762781,0,0.222903885480573,0.67075,0.658595641646489,0.025,0,0.102249488752556,0.131607335490831,0.213939393939394,0,0,0,0,0,0,0,0,0,0,0,0,0,0,0,0,0
76049,ZCTA5 76049,ZIP,29698,807,76113,0.4386,1400,4026,3938,3460,25437,3,364,1703,11237,78,12866,17,1992,542,21903,5837,1958,0.856522324735673,0.000101016903495185,0.0122567176240824,0.116506162031113,0.80725,0.392236976506639,0.0966542750929368,0.00132131198507695,0.0670752239208027,0.0928559191365427,0.151552905579781,0,0,0,0,0,0,0,0,0,0,0,0,0,0,0,0,0
76050,ZCTA5 76050,ZIP,6212,193,70234,0.3717,339,861,498,827,5151,44,9,416,2149,0,2778,0,505,134,4331,1427,454,0.829201545396008,0.00708306503541533,0.00144880875724404,0.133129426915647,0.80675,0.374449339207049,0,0,0.0812942691564714,0.0939032936229853,0.193578408562122,0,0,0,0,0,0,0,0,0,0,0,0,0,0,0,0,0
76051,ZCTA5 76051,ZIP,53291,1047,91131,0.4215,2067,4487,14821,11506,34532,2095,3530,9749,20644,156,30999,37,3000,842,36172,12130,4989,0.647989341539847,0.0393124542605693,0.0662400780619617,0.215908877671652,0.86,0.193225095209461,0.148997134670487,0.00119358688989967,0.0562946839053499,0.0694146743610882,0.472243751211006,0,0,0,0,0,0,0,0,0,0,0,0,0,0,0,0,0
76052,ZCTA5 76052,ZIP,22290,669,115397,0.4007,560,2796,4912,2637,17021,2029,343,716,7057,56,11155,0,1162,297,13912,6422,1956,0.763615971287573,0.0910273665320772,0.0153880663974877,0.118304172274563,0.84,0.399795501022495,0.0837070254110613,0,0.0521310004486317,0.0462472749922143,0.10145954371546,0,0,0,0,0,0,0,0,0,0,0,0,0,0,0,0,0
76053,ZCTA5 76053,ZIP,30765,1042,55711,0.4148,2125,4241,4348,8130,16377,3595,1429,4864,10861,134,15089,225,3760,1614,19908,8321,2536,0.532325694783033,0.116853567365513,0.0464488867219243,0.264261335933691,0.7945,0.317034700315457,0.128598848368522,0.0149115249519518,0.122216804810661,0.193967071265473,0.447840898628119,0,0,0,0,0,0,0,0,0,0,0,0,0,0,0,0,0
75001,ZCTA5 75001,ZIP,14992,118,72512,0.4074,438,1177,5647,3893,6460,2185,1495,6738,8129,11,10271,189,1626,409,11371,2198,1423,0.430896478121665,0.14574439701174,0.0997198505869797,0.259671824973319,0.8865,0.28109627547435,0.0932203389830508,0.0184013241164444,0.108457844183565,0.186078252957234,0.828884241604133,0,0,0,0,0,0,0,0,0,0,0,0,0,0,0,0,0
75002,ZCTA5 75002,ZIP,71253,2023,101429,0.4075,1841,5610,19303,9299,45520,7566,7123,4774,22414,372,35890,505,3474,1273,45454,19937,5862,0.638850294022708,0.106185002736727,0.0999677206573758,0.130506785679199,0.80225,0.350051177072671,0.183885318833416,0.0140707718027306,0.0487558418592901,0.063851131062848,0.212991880074953,0,0,0,0,0,0,0,0,0,0,0,0,0,0,0,0,0
75006,ZCTA5 75006,ZIP,51642,1165,64462,0.4272,5872,6856,8601,24910,17549,4497,3855,9172,18580,97,27635,588,5532,2397,34127,12879,4636,0.339820301305139,0.0870802834901824,0.0746485418845126,0.482359319933388,0.825,0.456859361518551,0.0832618025751073,0.0212773656594898,0.107122109910538,0.186116934544608,0.493649085037675,0,0,0,0,0,0,0,0,0,0,0,0,0,0,0,0,0
75007,ZCTA5 75007,ZIP,55500,998,86648,0.3819,2816,6846,14121,15532,24828,5014,8896,5396,19465,157,30858,581,3713,937,39188,11659,4653,0.447351351351351,0.0903423423423423,0.160288288288288,0.279855855855856,0.83025,0.390285837094348,0.157314629258517,0.0188281806986843,0.0669009009009009,0.0803670983789347,0.277215515026972,0,0,0,0,0,0,0,0,0,0,0,0,0,0,0,0,0
75009,ZCTA5 75009,ZIP,14089,653,111146,0.4595,755,1358,2694,2626,10111,1006,46,855,4207,54,6787,0,552,132,8924,4359,806,0.717652068989992,0.0714032223720633,0.00326495847824544,0.186386542692881,0.8335,0.253101736972705,0.0826952526799387,0,0.0391795017389453,0.0302821748107364,0.203232707392441,0,0,0,0,0,0,0,0,0,0,0,0,0,0,0,0,0
75010,ZCTA5 75010,ZIP,30406,737,85946,0.4121,905,2642,9591,4229,13076,4152,7886,6335,11834,136,17895,290,1898,409,21358,6342,2706,0.430046701308952,0.136551996316517,0.259356705913307,0.139084391238571,0.87125,0.305986696230599,0.184531886024423,0.0162056440346465,0.0624218904163652,0.0644906969410281,0.53532195369275,0,0,0,0,0,0,0,0,0,0,0,0,0,0,0,0,0
75013,ZCTA5 75013,ZIP,42629,1176,130509,0.4078,461,2223,15976,3503,24107,2414,11886,4077,14569,51,21655,348,1479,387,27256,12399,2974,0.565507049191865,0.0566281170095475,0.27882427455488,0.0821741068286847,0.80975,0.349697377269671,0.0433673469387755,0.0160701916416532,0.034694691407258,0.0312121945318171,0.279840757773354,0,0,0,0,0,0,0,0,0,0,0,0,0,0,0,0,0
75019,ZCTA5 75019,ZIP,42888,1387,118740,0.42,625,1695,18190,5619,23393,1956,10556,5013,16212,151,23420,286,1138,418,29239,11567,2082,0.545443947024809,0.0456071628427532,0.246129453460175,0.131015668718523,0.85125,0.362151777137368,0.108868060562365,0.0122117847993168,0.0265342286886775,0.0361372871098816,0.309215396002961,0,0,0,0,0,0,0,0,0,0,0,0,0,0,0,0,0
75022,ZCTA5 75022,ZIP,27201,774,162351,0.3785,427,1427,10507,3272,18803,764,3606,675,8372,75,13970,0,820,340,17152,8062,1987,0.691261350685637,0.0280872026763722,0.132568655564134,0.120289695231793,0.80625,0.572722697533971,0.0968992248062016,0,0.0301459505165251,0.0421731580253039,0.0806258958432871,0,0,0,0,0,0,0,0,0,0,0,0,0,0,0,0,0
75023,ZCTA5 75023,ZIP,50431,1178,90193,0.3932,1320,4021,14548,7146,29485,4677,7394,6989,18196,180,27262,416,3268,1049,35974,10417,4040,0.584660228827507,0.0927405762328726,0.14661616862644,0.141698558426365,0.835,0.328712871287129,0.152801358234295,0.0152593353385665,0.0648014118300252,0.100700777575118,0.384095405583645,0,0,0,0,0,0,0,0,0,0,0,0,0,0,0,0,0
75024,ZCTA5 75024,ZIP,43551,694,102524,0.4265,429,2186,20259,2972,19379,3505,16193,10329,17791,39,24456,236,1696,244,30617,9784,3150,0.444972560905605,0.0804803563638034,0.371816950242245,0.068241831416041,0.80275,0.25968253968254,0.0561959654178674,0.00964998364409552,0.0389428486142683,0.0249386753883892,0.580574447754483,0,0,0,0,0,0,0,0,0,0,0,0,0,0,0,0,0
75025,ZCTA5 75025,ZIP,53764,1272,118505,0.4173,780,2698,21081,4251,26769,3703,17466,5814,18662,8,27841,221,2114,502,36249,13600,3915,0.497898221858493,0.0688750836991295,0.324864221412097,0.079067777695112,0.82275,0.398467432950192,0.00628930817610063,0.00793793326389138,0.0393199910720929,0.0369117647058824,0.3115421712571,0,0,0,0,0,0,0,0,0,0,0,0,0,0,0,0,0
75028,ZCTA5 75028,ZIP,47804,1104,127931,0.3587,600,3023,16685,5112,34649,2179,4333,2809,16262,102,25470,82,1179,318,31738,12810,3256,0.724813823111037,0.045581959668647,0.0906409505480713,0.106936658020249,0.83175,0.442260442260442,0.0923913043478261,0.00321947389085198,0.0246632080997406,0.024824355971897,0.17273398106014,0,0,0,0,0,0,0,0,0,0,0,0,0,0,0,0,0
75032,ZCTA5 75032,ZIP,33080,610,109080,0.4446,1774,2457,8085,5888,23051,2168,1215,2009,11355,118,16510,149,1493,513,21637,8729,2714,0.696825876662636,0.0655380894800484,0.0367291414752116,0.177992744860943,0.80925,0.369196757553427,0.19344262295082,0.00902483343428225,0.0451330108827086,0.0587696185130026,0.176926464112726,0,0,0,0,0,0,0,0,0,0,0,0,0,0,0,0,0
75034,ZCTA5 75034,ZIP,108525,2871,117707,0.441,2120,4964,37351,14202,65819,7596,17561,12589,38172,367,53717,171,4418,1033,69175,31356,7994,0.606486984565768,0.0699930891499655,0.16181524994241,0.130863856254319,0.815,0.293470102576933,0.127830024381749,0.00318334977753784,0.0407095139368809,0.0329442530935068,0.329796709630095,0,0,0,0,0,0,0,0,0,0,0,0,0,0,0,0,0
75035,ZCTA5 75035,ZIP,75485,2368,134636,0.3591,1097,3375,28414,7549,38189,6710,20264,4993,24220,387,38216,155,2189,637,47289,24042,4154,0.505915082466715,0.0888918328144665,0.268450685566669,0.10000662383255,0.812,0.24699085219066,0.163429054054054,0.00405589281976136,0.0289991389017686,0.0264952998918559,0.206151940545004,0,0,0,0,0,0,0,0,0,0,0,0,0,0,0,0,0
75038,ZCTA5 75038,ZIP,29990,1055,61692,0.4329,1168,4142,8556,5747,5165,8488,9589,10291,12381,104,17228,413,4114,1363,19889,7083,3018,0.172224074691564,0.283027675891964,0.319739913304435,0.191630543514505,0.8055,0.359178263750828,0.0985781990521327,0.023972602739726,0.137179059686562,0.192432585062826,0.831192956950166,0,0,0,0,0,0,0,0,0,0,0,0,0,0,0,0,0
75039,ZCTA5 75039,ZIP,20108,504,92224,0.3909,112,920,10843,2297,5681,4162,7536,8514,10160,65,13295,129,740,137,15602,3417,1089,0.282524368410583,0.20698229560374,0.374776208474239,0.114233141038393,0.8535,0.242424242424242,0.128968253968254,0.00970289582549831,0.0368012731251243,0.0400936494000585,0.837992125984252,0,0,0,0,0,0,0,0,0,0,0,0,0,0,0,0,0
75040,ZCTA5 75040,ZIP,62417,1596,63924,0.3643,8822,7704,5973,30094,15194,7411,7711,5499,18295,220,30979,617,6717,2592,39110,16819,6488,0.243427271416441,0.118733678324815,0.123540061201275,0.482144287613951,0.797,0.342786683107275,0.137844611528822,0.0199167177765583,0.107614912603938,0.154111421606516,0.300573927302542,0,0,0,0,0,0,0,0,0,0,0,0,0,0,0,0,0
75041,ZCTA5 75041,ZIP,30880,887,50395,0.4555,5084,4117,1799,19722,7694,2204,696,3631,9199,143,14018,350,6763,3392,18165,9762,2953,0.249158031088083,0.0713730569948187,0.0225388601036269,0.638665803108808,0.76425,0.436166610226888,0.161217587373168,0.0249678984163219,0.219009067357513,0.347469780782627,0.394716817045331,0,0,0,0,0,0,0,0,0,0,0,0,0,0,0,0,0
75042,ZCTA5 75042,ZIP,39183,1146,50549,0.4062,7648,4484,2612,22234,7686,3874,4751,5462,11312,225,18183,553,7406,3658,23410,11748,4025,0.196156496439783,0.0988694076512773,0.121251563177909,0.567439961207667,0.7595,0.458136645962733,0.196335078534031,0.030413023153495,0.189010540285328,0.3113721484508,0.482850070721358,0,0,0,0,0,0,0,0,0,0,0,0,0,0,0,0,0
75043,ZCTA5 75043,ZIP,62601,1777,63331,0.3933,4929,7608,8178,19463,21514,14970,4691,8633,21088,321,30801,1115,6404,3035,40014,17278,5309,0.34366863149151,0.239133560166771,0.0749349051932078,0.310905576588233,0.8035,0.396308155961575,0.180641530669668,0.0362001233726178,0.102298685324516,0.175656904734344,0.409379742033384,0,0,0,0,0,0,0,0,0,0,0,0,0,0,0,0,0
75044,ZCTA5 75044,ZIP,43292,923,69254,0.4324,2874,5112,8743,9704,16703,6738,8408,4985,15333,123,22646,384,3919,1351,30015,9186,4091,0.38582186085189,0.15564076503742,0.194216021435831,0.224152268317472,0.8125,0.30261549743339,0.133261105092091,0.0169566369336748,0.0905248082786658,0.147071630742434,0.325115763386161,0,0,0,0,0,0,0,0,0,0,0,0,0,0,0,0,0
75048,ZCTA5 75048,ZIP,25598,504,102096,0.3561,1683,2859,4879,4317,14120,2490,3688,1028,8115,29,13389,135,777,189,16824,6551,2223,0.551605594187046,0.0972732244706618,0.144073755762169,0.16864598796781,0.78475,0.108861898335583,0.0575396825396825,0.0100829038763164,0.030353933901086,0.0288505571668448,0.12667898952557,0,0,0,0,0,0,0,0,0,0,0,0,0,0,0,0,0
75050,ZCTA5 75050,ZIP,43174,1335,58567,0.3937,5770,6523,4247,24640,9717,7148,1008,8219,14693,125,22113,177,6333,3062,26248,11934,4992,0.225066011951638,0.165562607124658,0.0233473850002316,0.570713855561218,0.807,0.341346153846154,0.0936329588014981,0.00800434133767467,0.146685505165146,0.256577844813139,0.559382018648336,0,0,0,0,0,0,0,0,0,0,0,0,0,0,0,0,0
75051,ZCTA5 75051,ZIP,40923,1270,42922,0.3925,6723,7173,1771,28746,5673,5157,960,6676,12754,240,17902,49,7903,3292,23837,12598,4488,0.138626200425189,0.126017154167583,0.0234586907118246,0.702441170002199,0.75175,0.422014260249554,0.188976377952756,0.00273712434364875,0.193118784057865,0.261311319257025,0.523443625529246,0,0,0,0,0,0,0,0,0,0,0,0,0,0,0,0,0
75052,ZCTA5 75052,ZIP,95495,2935,78660,0.3599,5722,13474,14464,35279,21785,26490,9202,7615,29675,474,48999,152,6780,2619,60549,26032,8914,0.228127127074716,0.277396722341484,0.0963610660243992,0.369432954604953,0.8255,0.284945030289432,0.161499148211244,0.00310210412457397,0.0709984815958951,0.100606945298095,0.256613310867734,0,0,0,0,0,0,0,0,0,0,0,0,0,0,0,0,0
75054,ZCTA5 75054,ZIP,11927,396,133802,0.2873,117,601,3817,2361,3508,4009,1388,443,3486,7,6258,0,573,219,7259,3930,738,0.294122579022386,0.336128112685504,0.116374612224365,0.197954221514211,0.88325,0.224932249322493,0.0176767676767677,0,0.0480422570638048,0.0557251908396947,0.127079747561675,0,0,0,0,0,0,0,0,0,0,0,0,0,0,0,0,0
75056,ZCTA5 75056,ZIP,60554,1642,89252,0.4202,2146,6166,17567,12733,32797,4991,8152,8333,22537,51,35823,151,3679,1511,41593,14704,4257,0.54161574792747,0.0824223007563497,0.134623641708227,0.21027512633352,0.88225,0.345313601127555,0.0310596833130329,0.00421516902548642,0.0607556891369687,0.102761153427639,0.369747526290101,0,0,0,0,0,0,0,0,0,0,0,0,0,0,0,0,0
75057,ZCTA5 75057,ZIP,14960,390,57216,0.3692,1924,1896,2205,6976,5207,1928,385,3242,5181,125,8355,125,2020,863,9462,3888,1610,0.348061497326203,0.128877005347594,0.0257352941176471,0.466310160427808,0.86375,0.392546583850932,0.320512820512821,0.0149611011370437,0.135026737967914,0.221965020576132,0.625747925110983,0,0,0,0,0,0,0,0,0,0,0,0,0,0,0,0,0
75058,ZCTA5 75058,ZIP,2666,52,98750,0.4543,90,345,525,291,2232,14,10,161,873,15,1183,0,169,19,1703,723,240,0.837209302325582,0.00525131282820705,0.00375093773443361,0.109152288072018,0.80375,0.408333333333333,0.288461538461538,0,0.063390847711928,0.0262793914246196,0.184421534936999,0,0,0,0,0,0,0,0,0,0,0,0,0,0,0,0,0
75060,ZCTA5 75060,ZIP,47764,1570,57907,0.4003,8763,6325,3858,30966,10490,2871,2735,5279,13818,179,22468,150,7259,3216,28588,14550,4626,0.219621472238506,0.0601080311531698,0.057260698433967,0.648312536638473,0.80725,0.449200172935582,0.114012738853503,0.00667616165212747,0.151976383887447,0.221030927835052,0.382037921551599,0,0,0,0,0,0,0,0,0,0,0,0,0,0,0,0,0
75061,ZCTA5 75061,ZIP,54520,2051,49400,0.3944,10186,7189,4220,36858,9997,4767,2189,10589,17245,292,26723,326,8792,4032,32319,16521,5680,0.183363903154806,0.0874358033749083,0.0401504035216434,0.676045487894351,0.828,0.504225352112676,0.142369575816675,0.0121992291284661,0.161261922230374,0.244053023424732,0.614033053058858,0,0,0,0,0,0,0,0,0,0,0,0,0,0,0,0,0
75062,ZCTA5 75062,ZIP,49306,1584,55392,0.4197,5682,6184,6747,23259,11807,7505,4875,9542,16177,43,24789,489,6005,2198,29923,13494,5889,0.239463756946416,0.152212712448789,0.0988723481929177,0.471727578793656,0.81725,0.334521990151129,0.0271464646464647,0.0197264915890113,0.121790451466353,0.162887209129984,0.589849786734252,0,0,0,0,0,0,0,0,0,0,0,0,0,0,0,0,0
75063,ZCTA5 75063,ZIP,40048,1022,96053,0.4086,610,1979,18677,3703,8836,5369,20316,9733,16119,132,22085,277,2497,509,27635,10024,2389,0.220635237714742,0.134064123052337,0.507291250499401,0.0924640431482221,0.794,0.185851820845542,0.129158512720157,0.0125424496264433,0.0623501797842589,0.0507781324820431,0.603821577020907,0,0,0,0,0,0,0,0,0,0,0,0,0,0,0,0,0
75065,ZCTA5 75065,ZIP,12640,422,75266,0.3829,822,2012,2046,2998,8370,522,417,1127,4561,16,6507,0,1159,155,9012,2875,753,0.662183544303797,0.0412974683544304,0.0329905063291139,0.237183544303797,0.7905,0.199203187250996,0.037914691943128,0,0.0916930379746836,0.0539130434782609,0.247094935321202,0,0,0,0,0,0,0,0,0,0,0,0,0,0,0,0,0
75067,ZCTA5 75067,ZIP,68196,2057,63939,0.374,5245,9038,14577,21383,27308,9362,7744,15230,24812,296,38570,232,6878,2628,45664,16686,5846,0.400434043052378,0.137280778931316,0.113555047216846,0.313552114493519,0.8305,0.378378378378378,0.143898881866796,0.00601503759398496,0.100856355211449,0.157497303128371,0.613815895534419,0,0,0,0,0,0,0,0,0,0,0,0,0,0,0,0,0
75068,ZCTA5 75068,ZIP,65991,2301,104692,0.3478,2403,6323,16672,14203,34872,10703,3347,3879,20590,275,34285,73,2966,1013,41204,20868,3919,0.528435695776697,0.162188783318937,0.0507190374445,0.215226318740434,0.832,0.241388109211534,0.119513255106475,0.00212921102522969,0.0449455228743313,0.048543224075139,0.188392423506557,0,0,0,0,0,0,0,0,0,0,0,0,0,0,0,0,0
75069,ZCTA5 75069,ZIP,37892,757,58106,0.5151,3978,4522,5817,13645,18405,4174,776,6784,13816,183,18110,52,5636,2185,25069,9137,3686,0.485722579964109,0.110155177873958,0.0204792568352159,0.360102396284176,0.7995,0.59631036353771,0.241743725231176,0.00287134180011044,0.148738520004223,0.239137572507388,0.491024898668211,0,0,0,0,0,0,0,0,0,0,0,0,0,0,0,0,0
75070,ZCTA5 75070,ZIP,104415,3361,102650,0.3932,1636,6420,31999,10366,67854,11402,11790,11169,36849,278,53155,366,3825,1017,67016,30249,7150,0.649849159603505,0.109198869894172,0.112914811090361,0.0992769238136283,0.8325,0.287552447552448,0.0827134781315085,0.0068855234690998,0.0366326677201552,0.0336209461469801,0.303101848082716,0,0,0,0,0,0,0,0,0,0,0,0,0,0,0,0,0
75071,ZCTA5 75071,ZIP,55570,1892,103982,0.3806,1698,4204,14214,9357,33824,6999,3445,4482,17814,372,27033,103,3528,1286,35093,16386,4091,0.608673744826345,0.12594925319417,0.0619938815907864,0.168382220622638,0.81375,0.437545832314838,0.19661733615222,0.00381015795509192,0.0634874932517545,0.0784816306603198,0.251599865274503,0,0,0,0,0,0,0,0,0,0,0,0,0,0,0,0,0
75074,ZCTA5 75074,ZIP,52259,1436,70680,0.4349,5452,5404,10652,19791,19309,5786,5763,8453,17907,191,28388,582,6356,2607,34085,12617,5557,0.369486595610326,0.110717771101628,0.110277655523451,0.378709887292141,0.823,0.463559474536621,0.133008356545961,0.0205016204029872,0.121624983256473,0.206625980819529,0.472050036298654,0,0,0,0,0,0,0,0,0,0,0,0,0,0,0,0,0
75075,ZCTA5 75075,ZIP,38283,878,80603,0.4241,1456,3265,9530,6204,24405,2448,4469,5435,14421,65,20600,418,3636,652,27148,7109,4026,0.637489224982368,0.0639448319097249,0.116735887992059,0.162056265182979,0.84725,0.364629905613512,0.0740318906605923,0.0202912621359223,0.0949768826894444,0.0917147278098185,0.37688093752167,0,0,0,0,0,0,0,0,0,0,0,0,0,0,0,0,0
75077,ZCTA5 75077,ZIP,37102,805,108687,0.4114,597,3102,9864,4707,26316,2337,2559,2436,12667,21,19564,178,1861,408,25407,8663,3032,0.709287909007601,0.0629885181391839,0.0689720230715325,0.126866476200744,0.8295,0.372691292875989,0.0260869565217391,0.00909834389695359,0.0501590210770309,0.0470968486667436,0.192310728665035,0,0,0,0,0,0,0,0,0,0,0,0,0,0,0,0,0
75078,ZCTA5 75078,ZIP,28803,1075,151066,0.3639,266,1693,9385,2113,22274,2115,1391,988,8486,118,13195,50,577,120,17190,9926,1687,0.773322223379509,0.0734298510571815,0.0482935805298059,0.07336041384578,0.794,0.358032009484292,0.109767441860465,0.00378931413414172,0.0200326354893588,0.0120894620189402,0.11642705632807,0,0,0,0,0,0,0,0,0,0,0,0,0,0,0,0,0
75080,ZCTA5 75080,ZIP,52531,1677,77736,0.4551,2565,2826,14808,12594,28903,4279,5557,8448,18856,202,25816,651,7310,1271,33072,11530,7929,0.550208448344787,0.0814566636843007,0.105785155432031,0.2397441510727,0.80425,0.228023710430067,0.120453190220632,0.0252169197396963,0.139155926976452,0.110234171725932,0.448027153160798,0,0,0,0,0,0,0,0,0,0,0,0,0,0,0,0,0
75081,ZCTA5 75081,ZIP,40265,1233,77174,0.4038,1748,3395,9711,6507,18793,6202,6969,6451,15029,211,20703,626,3929,1611,27816,9294,3155,0.466732894573451,0.154029554203402,0.173078355892214,0.161604371041848,0.81,0.296671949286846,0.171127331711273,0.0302371636960827,0.0975785421582019,0.173337637185281,0.42923680883625,0,0,0,0,0,0,0,0,0,0,0,0,0,0,0,0,0
75082,ZCTA5 75082,ZIP,23483,524,118929,0.3916,114,1106,8938,1589,13481,1763,5986,2116,8410,57,12246,380,1093,242,16265,5255,1963,0.57407486266661,0.0750755865945578,0.254907805646638,0.0676659711280501,0.82625,0.115129903209373,0.108778625954198,0.0310305405846807,0.0465443086488098,0.0460513796384396,0.251605231866825,0,0,0,0,0,0,0,0,0,0,0,0,0,0,0,0,0
75087,ZCTA5 75087,ZIP,35157,961,103423,0.369,707,2336,8991,4280,27880,1125,913,2336,12415,91,16736,107,1218,474,23237,9265,2655,0.793014193474984,0.0319993173478966,0.0259692237676707,0.12173962511022,0.82075,0.295291902071563,0.0946930280957336,0.0063934034416826,0.034644594248656,0.0511602806260119,0.188159484494563,0,0,0,0,0,0,0,0,0,0,0,0,0,0,0,0,0
75088,ZCTA5 75088,ZIP,26039,623,93703,0.3488,953,3418,5179,5027,15753,3089,1173,1312,9177,30,13971,155,1434,456,18613,5821,1605,0.604977149660125,0.118629747686163,0.0450478128960406,0.193056568992665,0.83,0.662928348909657,0.0481540930979133,0.0110944098489729,0.0550712392949038,0.0783370554887476,0.142966110929498,0,0,0,0,0,0,0,0,0,0,0,0,0,0,0,0,0
75089,ZCTA5 75089,ZIP,36324,1128,107111,0.3572,1131,4403,7725,7419,17263,7205,3431,1610,11492,91,19234,340,2512,923,23997,9756,2571,0.475250523070146,0.198353705539038,0.0944554564475278,0.204245127188636,0.821,0.609101516919487,0.0806737588652482,0.0176770302589165,0.0691553793635062,0.0946084460844608,0.140097459101984,0,0,0,0,0,0,0,0,0,0,0,0,0,0,0,0,0
75093,ZCTA5 75093,ZIP,46788,786,112930,0.482,461,1764,19215,2778,30989,3795,7687,6830,18802,40,24463,180,2309,352,33973,9948,2867,0.662327947336924,0.0811105411644011,0.164294263486364,0.0593741985124391,0.8155,0.28950122078828,0.0508905852417303,0.00735805093406369,0.0493502607506198,0.035383996783273,0.36325922774173,0,0,0,0,0,0,0,0,0,0,0,0,0,0,0,0,0
75094,ZCTA5 75094,ZIP,23239,882,125990,0.3644,472,1568,7296,1343,11130,3656,6379,931,6133,155,10623,185,950,154,14139,7655,1445,0.478936270923878,0.157321743620638,0.274495460217737,0.0577907827359181,0.754,0.366782006920415,0.175736961451247,0.0174150428315918,0.0408795559189294,0.0201175702155454,0.151801728354802,0,0,0,0,0,0,0,0,0,0,0,0,0,0,0,0,0
76054,ZCTA5 76054,ZIP,12280,282,100988,0.3772,233,877,3216,1319,9381,421,708,641,4381,15,6091,96,475,143,8813,2862,605,0.763925081433225,0.0342833876221498,0.0576547231270358,0.107410423452769,0.84925,0.251239669421488,0.0531914893617021,0.0157609587916598,0.0386807817589577,0.0499650593990217,0.146313627025793,0,0,0,0,0,0,0,0,0,0,0,0,0,0,0,0,0
76055,ZCTA5 76055,ZIP,2811,81,55208,0.4562,203,416,196,713,1816,199,0,272,1021,13,1150,0,424,204,1980,627,204,0.646033440056919,0.0707933119886161,0,0.253646389185343,0.79725,0.333333333333333,0.160493827160494,0,0.150836001422981,0.325358851674641,0.266405484818805,0,0,0,0,0,0,0,0,0,0,0,0,0,0,0,0,0
76058,ZCTA5 76058,ZIP,19904,607,55973,0.4046,1876,3908,1044,4159,14641,582,62,1491,6515,103,8687,0,2836,1159,12159,5926,1819,0.735580787781351,0.0292403536977492,0.00311495176848875,0.208952974276527,0.78,0.671797691039032,0.169686985172982,0,0.142483922829582,0.195578805264934,0.228856485034536,0,0,0,0,0,0,0,0,0,0,0,0,0,0,0,0,0
75490,ZCTA5 75490,ZIP,2493,88,80172,0.3637,128,501,258,227,2020,120,37,141,955,4,1329,0,203,74,1756,594,143,0.81026875250702,0.0481347773766546,0.0148415563578018,0.0910549538708383,0.80525,0.531468531468532,0.0454545454545455,0,0.0814279983955074,0.124579124579125,0.147643979057592,0,0,0,0,0,0,0,0,0,0,0,0,0,0,0,0,0
75491,ZCTA5 75491,ZIP,5064,144,78319,0.4138,269,706,662,239,4246,304,6,331,1799,29,2480,0,549,185,3438,1228,398,0.838467614533965,0.0600315955766193,0.00118483412322275,0.0471958925750395,0.751,0.396984924623116,0.201388888888889,0,0.108412322274882,0.150651465798046,0.183991106170095,0,0,0,0,0,0,0,0,0,0,0,0,0,0,0,0,0
76059,ZCTA5 76059,ZIP,5601,127,44179,0.4211,307,736,613,1834,2620,366,181,1063,1740,7,2471,0,577,109,3226,1270,1105,0.467773611855026,0.065345474022496,0.0323156579182289,0.327441528298518,0.76975,0.126696832579186,0.0551181102362205,0,0.103017318336011,0.0858267716535433,0.610919540229885,0,0,0,0,0,0,0,0,0,0,0,0,0,0,0,0,0
76060,ZCTA5 76060,ZIP,8468,303,78500,0.4109,562,1012,1478,1755,5096,848,592,682,2820,9,4077,0,352,105,5696,2183,589,0.601794992914502,0.100141709966934,0.0699102503542749,0.207250826641474,0.80675,0.444821731748727,0.0297029702970297,0,0.0415682569674067,0.0480989464040312,0.241843971631206,0,0,0,0,0,0,0,0,0,0,0,0,0,0,0,0,0
76061,ZCTA5 76061,ZIP,37,0,0,0,0,0,0,0,37,0,0,0,19,0,37,0,0,0,37,0,0,1,0,0,0,0,0,0,0,0,0,0,0,0,0,0,0,0,0,0,0,0,0,0,0,0,0,0,0
76063,ZCTA5 76063,ZIP,73216,2147,97533,0.3817,2260,6275,16494,13974,41442,12321,2953,5599,23679,183,36404,37,3171,1046,45934,21370,5912,0.56602381993007,0.168282888986014,0.0403327141608392,0.190859921328671,0.8295,0.462449255751015,0.0852352119236143,0.00101637182727173,0.0433102054195804,0.0489471221338325,0.236454242155496,0,0,0,0,0,0,0,0,0,0,0,0,0,0,0,0,0
76064,ZCTA5 76064,ZIP,1818,45,62969,0.4064,65,323,154,186,1509,24,38,126,545,0,727,0,77,19,1112,628,78,0.83003300330033,0.0132013201320132,0.0209020902090209,0.102310231023102,0.66075,0.487179487179487,0,0,0.0423542354235424,0.0302547770700637,0.231192660550459,0,0,0,0,0,0,0,0,0,0,0,0,0,0,0,0,0
76065,ZCTA5 76065,ZIP,37090,902,96483,0.4242,1141,4454,6919,5684,27918,1592,408,2081,12168,103,18451,16,1733,592,23844,10165,3081,0.752709625235913,0.042922620652467,0.0110002696144513,0.153248854138582,0.83875,0.327166504381694,0.114190687361419,0.000867161671454122,0.0467241844162847,0.0582390555828824,0.171022353714661,0,0,0,0,0,0,0,0,0,0,0,0,0,0,0,0,0
76070,ZCTA5 76070,ZIP,895,0,100972,0.2414,27,146,307,0,895,0,0,0,305,0,379,0,0,0,659,228,8,1,0,0,0,0.527,0,0,0,0,0,0,0,0,0,0,0,0,0,0,0,0,0,0,0,0,0,0,0
76071,ZCTA5 76071,ZIP,4589,70,62865,0.4744,483,743,387,800,3394,225,2,297,1365,0,1920,0,711,325,2807,1224,558,0.739594682937459,0.049030289823491,0.000435824798431031,0.174329919372412,0.749,0.483870967741936,0,0,0.154935715842231,0.265522875816993,0.217582417582418,0,0,0,0,0,0,0,0,0,0,0,0,0,0,0,0,0
76078,ZCTA5 76078,ZIP,10247,337,70323,0.3922,588,1906,1023,1982,7691,37,44,438,3108,54,4656,21,1175,381,6637,2982,628,0.750561139845809,0.00361081292085488,0.00429393968966527,0.19342246511174,0.7905,0.531847133757962,0.160237388724036,0.00451030927835052,0.114667707621743,0.127766599597586,0.140926640926641,0,0,0,0,0,0,0,0,0,0,0,0,0,0,0,0,0
76084,ZCTA5 76084,ZIP,9109,263,66205,0.3757,757,2207,530,2481,5369,662,327,437,2469,12,3761,0,684,162,5812,2374,923,0.5894170600505,0.0726753760017565,0.0358985618618948,0.272367987704468,0.5835,0.871072589382449,0.0456273764258555,0,0.0750905697661653,0.0682392586352148,0.176994734710409,0,0,0,0,0,0,0,0,0,0,0,0,0,0,0,0,0
76092,ZCTA5 76092,ZIP,31424,762,240507,0.4464,95,1434,12476,2012,23101,524,5021,579,9453,127,13848,64,790,244,19972,10168,1284,0.735138747454175,0.0166751527494908,0.15978233197556,0.0640274949083503,0.7785,0.252336448598131,0.166666666666667,0.00462160600808781,0.0251400203665988,0.0239968528717545,0.0612503966994605,0,0,0,0,0,0,0,0,0,0,0,0,0,0,0,0,0
76093,ZCTA5 76093,ZIP,1792,39,51316,0.4106,237,450,57,237,1537,0,0,244,686,12,694,4,189,46,1270,392,130,0.857700892857143,0,0,0.132254464285714,0.76525,0.707692307692308,0.307692307692308,0.00576368876080692,0.10546875,0.11734693877551,0.355685131195335,0,0,0,0,0,0,0,0,0,0,0,0,0,0,0,0,0
76102,ZCTA5 76102,ZIP,9282,106,72560,0.5037,846,1377,2506,2173,4805,1862,227,2494,3671,0,3644,106,1910,561,7086,1195,1001,0.5176686059039,0.200603318250377,0.0244559362206421,0.234109028226675,0.514,0.0799200799200799,0,0.0290889132821076,0.205774617539323,0.469456066945607,0.67937891582675,0,0,0,0,0,0,0,0,0,0,0,0,0,0,0,0,0
76103,ZCTA5 76103,ZIP,15486,555,41972,0.4628,2570,2011,1470,7780,4013,3077,264,2015,5192,59,6516,98,3564,1352,10058,3768,1660,0.259137285289939,0.198695596022214,0.0170476559473072,0.502389254810797,0.69725,0.281927710843374,0.106306306306306,0.0150399017802333,0.230143355288648,0.358811040339703,0.388097072419106,0,0,0,0,0,0,0,0,0,0,0,0,0,0,0,0,0
76104,ZCTA5 76104,ZIP,18344,784,31450,0.5119,2828,2648,1592,8332,2986,6569,263,3785,6270,154,6726,174,6062,2742,11027,5635,1682,0.162778020061055,0.35810074138683,0.014337112952464,0.454208460532054,0.6835,0.390011890606421,0.196428571428571,0.0258697591436218,0.330462276493676,0.486601597160603,0.603668261562998,0,0,0,0,0,0,0,0,0,0,0,0,0,0,0,0,0
76105,ZCTA5 76105,ZIP,22179,1034,32296,0.4795,4635,3255,438,13330,1115,7432,131,2987,6548,223,8068,86,7127,3220,12218,7280,2681,0.0502727805581857,0.335091753460481,0.00590648811939222,0.601018981919834,0.666,0.41402461767997,0.215667311411992,0.010659395141299,0.321340006312277,0.442307692307692,0.456169822846671,0,0,0,0,0,0,0,0,0,0,0,0,0,0,0,0,0
76106,ZCTA5 76106,ZIP,39900,1466,40148,0.392,8741,7117,887,32011,4097,3275,304,5384,10462,76,15581,138,8738,4231,22646,12785,4469,0.102681704260652,0.0820802005012531,0.00761904761904762,0.802280701754386,0.68025,0.432759006489147,0.0518417462482947,0.00885694114626789,0.218997493734336,0.330934689088776,0.514624354807876,0,0,0,0,0,0,0,0,0,0,0,0,0,0,0,0,0
76107,ZCTA5 76107,ZIP,30168,578,66259,0.5652,1845,3122,8800,7424,17803,3808,603,7250,14327,46,16388,68,3609,682,22239,5231,2698,0.590128613099973,0.126226465128613,0.0199880668257757,0.24608857067091,0.8265,0.347664936990363,0.0795847750865052,0.004149377593361,0.119630071599045,0.130376601032307,0.506037551476234,0,0,0,0,0,0,0,0,0,0,0,0,0,0,0,0,0
76108,ZCTA5 76108,ZIP,43169,1388,68860,0.4275,2183,7802,6192,10213,28358,2658,935,4987,15381,98,21105,76,4096,1610,28486,11522,3161,0.656906576478492,0.061571961361162,0.021659060900183,0.236581806388844,0.791,0.422651059791205,0.0706051873198847,0.00360104240701256,0.0948829020825129,0.139732685297691,0.324231194330668,0,0,0,0,0,0,0,0,0,0,0,0,0,0,0,0,0
76109,ZCTA5 76109,ZIP,23220,517,82640,0.5746,365,790,8107,2532,17777,1080,1066,4463,9688,15,11275,15,3382,142,14389,4292,4539,0.765590008613264,0.0465116279069768,0.0459086993970715,0.109043927648579,0.827,0.133509583608724,0.0290135396518375,0.00133037694013304,0.145650301464255,0.0330848089468779,0.460672997522709,0,0,0,0,0,0,0,0,0,0,0,0,0,0,0,0,0
76110,ZCTA5 76110,ZIP,31926,942,51665,0.4717,5584,3562,4001,20768,9440,851,421,4386,10349,131,14712,156,6649,2226,19260,8395,4271,0.295683768715154,0.0266553905907411,0.0131867443463008,0.650504291173338,0.7555,0.440177944275345,0.139065817409766,0.0106035889070147,0.208262857858798,0.265157832042883,0.42380906367765,0,0,0,0,0,0,0,0,0,0,0,0,0,0,0,0,0
76111,ZCTA5 76111,ZIP,22531,699,48989,0.3932,4510,3506,1248,16249,4815,824,462,2602,6672,86,10430,56,4183,1865,13154,6687,2690,0.213705561226754,0.0365718343615463,0.0205050818871777,0.721184146287337,0.79775,0.34275092936803,0.123032904148784,0.00536912751677852,0.185655319337801,0.278899356961268,0.389988009592326,0,0,0,0,0,0,0,0,0,0,0,0,0,0,0,0,0
76112,ZCTA5 76112,ZIP,42572,1294,45308,0.4606,4500,6852,4347,11732,10194,18019,1128,8588,16698,233,19492,308,8372,2960,28000,10952,3620,0.239453161702527,0.423259419336653,0.0264962886404209,0.275580193554449,0.74875,0.310497237569061,0.180061823802164,0.0158013544018059,0.196655078455323,0.27027027027027,0.51431309138819,0,0,0,0,0,0,0,0,0,0,0,0,0,0,0,0,0
76114,ZCTA5 76114,ZIP,26563,697,53689,0.4084,3466,5299,1876,14553,10905,484,130,3893,9107,75,12055,51,3733,1487,17120,7019,2424,0.410533448782141,0.0182208334901931,0.00489402552422543,0.547867334261943,0.774,0.518151815181518,0.107604017216643,0.00423060970551638,0.140533825245642,0.211853540390369,0.427473372131328,0,0,0,0,0,0,0,0,0,0,0,0,0,0,0,0,0
76115,ZCTA5 76115,ZIP,21319,892,38929,0.4127,4644,2723,1158,16388,2735,1400,649,2997,5991,173,8813,74,5210,2380,11680,7029,2610,0.128289319386463,0.0656691214409682,0.0304423284394202,0.768703972981847,0.7325,0.399233716475096,0.193946188340807,0.00839668671281062,0.244382944791031,0.338597240005691,0.500250375563345,0,0,0,0,0,0,0,0,0,0,0,0,0,0,0,0,0
76116,ZCTA5 76116,ZIP,50506,1596,51068,0.5115,4080,6579,8568,12625,25810,8763,1221,13517,21343,152,24160,305,9883,3483,33790,11731,4985,0.511028392666218,0.173504138122203,0.0241753455035045,0.24997030055835,0.7835,0.302908726178536,0.0952380952380952,0.0126241721854305,0.195679721221241,0.296905634643253,0.633322400787143,0,0,0,0,0,0,0,0,0,0,0,0,0,0,0,0,0
76117,ZCTA5 76117,ZIP,31068,776,49353,0.3883,4114,6264,1499,14846,11065,1565,3020,4362,9878,184,14503,75,4940,1768,19624,8549,2895,0.356154242307197,0.0503733745332818,0.0972061284923394,0.477855027681215,0.76525,0.362003454231433,0.237113402061856,0.00517134385989106,0.159006051242436,0.206807813779389,0.441587365863535,0,0,0,0,0,0,0,0,0,0,0,0,0,0,0,0,0
76118,ZCTA5 76118,ZIP,16378,533,69848,0.4133,964,2325,2725,3867,8607,1368,1376,1315,5586,37,8371,58,1289,589,10646,4295,1437,0.525522041763341,0.0835266821345708,0.0840151422640127,0.236109415068995,0.83775,0.321503131524008,0.0694183864915572,0.006928682355752,0.0787031383563317,0.137136204889406,0.235409953455066,0,0,0,0,0,0,0,0,0,0,0,0,0,0,0,0,0
76119,ZCTA5 76119,ZIP,52070,1797,37130,0.4296,8829,8516,1594,21375,5056,22545,2193,7190,14632,249,19217,232,13486,6085,30499,16623,4948,0.0971000576147494,0.432974841559439,0.0421163817937392,0.410505089302862,0.65225,0.536782538399353,0.138564273789649,0.0120726440131134,0.25899750336086,0.366059074775913,0.491388737014762,0,0,0,0,0,0,0,0,0,0,0,0,0,0,0,0,0
76120,ZCTA5 76120,ZIP,18125,432,54012,0.4153,1153,2652,2781,3358,4459,8233,1468,4022,6943,153,9545,74,2728,1402,12114,4683,1328,0.246013793103448,0.454234482758621,0.0809931034482759,0.185268965517241,0.7945,0.117469879518072,0.354166666666667,0.00775275013095862,0.150510344827586,0.299380738842622,0.579288492006337,0,0,0,0,0,0,0,0,0,0,0,0,0,0,0,0,0
76123,ZCTA5 76123,ZIP,36245,876,85710,0.355,1357,5476,6317,8396,10187,13862,2513,2566,11208,71,18436,106,2717,1396,22268,10870,3107,0.281059456476755,0.382452752103738,0.0693337012001655,0.231645744240585,0.85325,0.360476343739942,0.0810502283105023,0.00574962030809286,0.0749620637329287,0.128426862925483,0.228943611705924,0,0,0,0,0,0,0,0,0,0,0,0,0,0,0,0,0
76126,ZCTA5 76126,ZIP,23450,682,92827,0.443,509,2253,5826,3098,18694,799,242,1563,8543,145,11402,28,1013,302,16202,6058,1190,0.797185501066098,0.0340724946695096,0.010319829424307,0.132110874200426,0.81575,0.354621848739496,0.212609970674487,0.0024557095246448,0.0431982942430704,0.0498514361175305,0.182956806742362,0,0,0,0,0,0,0,0,0,0,0,0,0,0,0,0,0
76127,ZCTA5 76127,ZIP,1946,10,87833,0.19,272,600,81,632,916,216,27,38,48,0,417,0,0,0,1500,42,404,0.47070914696814,0.110996916752312,0.0138746145940391,0.324768756423433,0.03425,1.02475247524752,0,0,0,0,0.791666666666667,0,0,0,0,0,0,0,0,0,0,0,0,0,0,0,0,0
75495,ZCTA5 75495,ZIP,8729,91,81804,0.4274,272,1494,967,1225,6807,383,0,476,2818,0,4584,58,642,132,5596,1911,1222,0.779814411731012,0.0438767327299805,0,0.140336808340016,0.81275,0.657937806873977,0,0.012652705061082,0.0735479436361553,0.0690737833594976,0.168914123491838,0,0,0,0,0,0,0,0,0,0,0,0,0,0,0,0,0
76129,ZCTA5 76129,ZIP,2519,0,0,0,0,0,16,337,1792,227,98,0,0,0,577,0,0,0,52,0,2467,0.711393410083367,0.0901151250496229,0.0389043271139341,0.133783247320365,0,0.195379002837454,0,0,0,0,0,0,0,0,0,0,0,0,0,0,0,0,0,0,0,0,0,0
76131,ZCTA5 76131,ZIP,43542,1601,85312,0.3286,2274,5393,7612,11378,20147,5556,4475,3469,13361,92,20485,30,1617,572,26435,14087,3020,0.462702677874236,0.127600937026319,0.102774332828074,0.261310918193928,0.82775,0.475496688741722,0.0574640849469082,0.00146448620942153,0.037136557806256,0.0406048129481082,0.259636254771349,0,0,0,0,0,0,0,0,0,0,0,0,0,0,0,0,0
76132,ZCTA5 76132,ZIP,27243,747,56655,0.5169,619,2776,7147,5311,15078,4663,1491,8734,12798,199,14043,135,2860,1104,18924,5691,2628,0.553463274969717,0.171163234592372,0.0547296553243035,0.194949161252432,0.82575,0.294520547945206,0.266398929049531,0.00961333048493912,0.104981096061374,0.193990511333685,0.682450382872324,0,0,0,0,0,0,0,0,0,0,0,0,0,0,0,0,0
76133,ZCTA5 76133,ZIP,51505,1436,57710,0.4329,3734,8695,6349,18673,19291,11374,1184,6996,18648,188,24019,265,8874,3813,33922,13271,4312,0.374546160566935,0.22083292884186,0.0229880594117076,0.362547325502378,0.8065,0.316326530612245,0.13091922005571,0.0110329322619593,0.172293952043491,0.287318212644111,0.375160875160875,0,0,0,0,0,0,0,0,0,0,0,0,0,0,0,0,0
76134,ZCTA5 76134,ZIP,26151,1031,49493,0.4469,2813,4545,1618,10974,5556,8468,549,3190,8370,81,10959,29,4258,1862,16012,7351,2788,0.212458414592176,0.323811708921265,0.0209934610531146,0.419639784329471,0.696,0.506456241032999,0.0785645004849661,0.0026462268455151,0.162823601391916,0.253298870901918,0.381123058542413,0,0,0,0,0,0,0,0,0,0,0,0,0,0,0,0,0
75208,ZCTA5 75208,ZIP,29706,620,63277,0.498,4520,3142,5845,19675,7666,1678,253,4879,10716,188,15517,535,4099,1534,20084,6836,2786,0.258062344307547,0.0564869050023564,0.00851679795327543,0.662324109607487,0.8305,0.406317300789663,0.303225806451613,0.0344783141071083,0.137985592136269,0.224400234055003,0.455300485255692,0,0,0,0,0,0,0,0,0,0,0,0,0,0,0,0,0
75209,ZCTA5 75209,ZIP,14308,373,95112,0.5401,766,1024,5884,1865,9758,2024,225,2585,6648,67,8199,36,900,165,11150,2439,719,0.681996086105675,0.14145932345541,0.0157254682694996,0.13034665921163,0.8385,0.675938803894298,0.179624664879357,0.00439077936333699,0.0629018730779983,0.0676506765067651,0.388838748495788,0,0,0,0,0,0,0,0,0,0,0,0,0,0,0,0,0
75210,ZCTA5 75210,ZIP,8673,474,28269,0.4613,1618,1264,285,3209,223,5211,0,2160,2868,141,3102,254,3017,1208,5050,2844,779,0.0257119797071371,0.600830162573504,0,0.369998846996426,0.67,0.45186136071887,0.29746835443038,0.0818826563507415,0.347861178369653,0.424753867791843,0.753138075313808,0,0,0,0,0,0,0,0,0,0,0,0,0,0,0,0,0
75211,ZCTA5 75211,ZIP,77570,2416,44893,0.4287,15906,11322,3483,65515,6187,4857,439,10792,21720,258,34299,745,17867,8327,44115,23287,10168,0.0797602165785742,0.0626144127884492,0.00565940440892098,0.844591981436122,0.74425,0.388867033831629,0.106788079470199,0.0217207498760897,0.230333891968545,0.357581483230987,0.496869244935543,0,0,0,0,0,0,0,0,0,0,0,0,0,0,0,0,0
75212,ZCTA5 75212,ZIP,26720,1135,36212,0.4639,4848,4589,949,15968,2749,7582,333,3935,7923,236,10017,306,6729,2469,15301,8367,3052,0.102881736526946,0.28375748502994,0.0124625748502994,0.597604790419162,0.69625,0.318479685452163,0.207929515418502,0.0305480682839173,0.251833832335329,0.295087845105773,0.496655307333081,0,0,0,0,0,0,0,0,0,0,0,0,0,0,0,0,0
75214,ZCTA5 75214,ZIP,34824,1229,89719,0.5272,1104,1753,14319,5712,24943,2290,1019,7539,16243,70,19700,360,2866,764,25564,7265,1995,0.716258901906731,0.065759246496669,0.0292614288996095,0.164024810475534,0.845,0.268671679197995,0.0569568755085435,0.0182741116751269,0.0822995635194119,0.105161734342739,0.464138398079173,0,0,0,0,0,0,0,0,0,0,0,0,0,0,0,0,0
75215,ZCTA5 75215,ZIP,17818,461,30865,0.5021,2201,3308,1509,3749,1757,12133,36,4594,6809,55,7397,679,5112,1578,12057,4230,1531,0.0986081490627455,0.68094062184308,0.00202042877988551,0.21040520821641,0.691,0.241672109732201,0.119305856832972,0.0917939705285927,0.286900886743742,0.373049645390071,0.674695256278455,0,0,0,0,0,0,0,0,0,0,0,0,0,0,0,0,0
75252,ZCTA5 75252,ZIP,26867,527,63053,0.5217,975,1680,9557,4808,12818,2542,5422,7166,12410,34,14921,910,4394,845,19269,4475,3123,0.477090854952172,0.0946142107418022,0.201808910559422,0.178955596084416,0.79975,0.229266730707653,0.0645161290322581,0.0609878694457476,0.163546357985633,0.188826815642458,0.577437550362611,0,0,0,0,0,0,0,0,0,0,0,0,0,0,0,0,0
75253,ZCTA5 75253,ZIP,23900,900,48174,0.4032,5182,2989,702,16083,4761,2807,0,2243,6461,57,10195,69,5528,2404,12760,8714,2426,0.199205020920502,0.11744769874477,0,0.672928870292887,0.77225,0.299258037922506,0.0633333333333333,0.00676802354095145,0.231297071129707,0.275877897635988,0.34715988237115,0,0,0,0,0,0,0,0,0,0,0,0,0,0,0,0,0
75254,ZCTA5 75254,ZIP,26929,1112,54122,0.4974,2502,2743,6379,11348,7950,4896,1772,9751,11837,203,16130,642,4106,1750,17507,6960,2462,0.295220765717257,0.181811430056816,0.0658026662705633,0.421404433881689,0.86725,0.347684809098294,0.182553956834532,0.0398016119032858,0.152475026922648,0.251436781609195,0.823772915434654,0,0,0,0,0,0,0,0,0,0,0,0,0,0,0,0,0
75270,ZCTA5 75270,ZIP,0,0,0,0,0,0,0,0,0,0,0,0,0,0,0,0,0,0,0,0,0,0,0,0,0,0,0,0,0,0,0,0,0,0,0,0,0,0,0,0,0,0,0,0,0,0,0,0,0
75287,ZCTA5 75287,ZIP,55673,1583,52150,0.4762,1735,6153,16914,12358,20608,16339,3372,22251,28087,249,35940,841,6189,1861,40031,10745,4897,0.370161478634167,0.293481579940007,0.060567959333968,0.221974745388249,0.87,0.258934041249745,0.157296272899558,0.0234001112966055,0.111166992976847,0.173196835737552,0.792217039911703,0,0,0,0,0,0,0,0,0,0,0,0,0,0,0,0,0
75390,ZCTA5 75390,ZIP,0,0,0,0,0,0,0,0,0,0,0,0,0,0,0,0,0,0,0,0,0,0,0,0,0,0,0,0,0,0,0,0,0,0,0,0,0,0,0,0,0,0,0,0,0,0,0,0,0
75216,ZCTA5 75216,ZIP,53327,2027,27288,0.5008,8311,10220,1801,21884,1710,29273,75,9429,18482,361,18108,1415,17521,6989,33548,15353,4426,0.03206630787406,0.548933935904889,0.00140641701202018,0.410373731880661,0.62725,0.446000903750565,0.178095707942773,0.0781422575657168,0.32855776623474,0.45522047808246,0.510172059300941,0,0,0,0,0,0,0,0,0,0,0,0,0,0,0,0,0
75217,ZCTA5 75217,ZIP,89163,4018,40475,0.4086,18240,13449,1992,62781,4832,21203,203,9870,24375,733,33934,1117,23809,11194,48772,30652,9739,0.0541928826979801,0.237800432914998,0.00227672913652524,0.704114935567444,0.66775,0.497997741041175,0.182429069188651,0.0329168385689869,0.26702780301246,0.365196398277437,0.404923076923077,0,0,0,0,0,0,0,0,0,0,0,0,0,0,0,0,0
75218,ZCTA5 75218,ZIP,22529,474,83851,0.4761,732,1671,7935,5565,14496,1414,247,3425,10404,33,12947,341,1400,299,17243,4250,1036,0.643437347418882,0.0627635492032491,0.0109636468551645,0.247014958497936,0.86475,0.378378378378378,0.069620253164557,0.0263381478334749,0.0621421279240091,0.0703529411764706,0.32920030757401,0,0,0,0,0,0,0,0,0,0,0,0,0,0,0,0,0
75219,ZCTA5 75219,ZIP,25120,302,72559,0.5181,1715,1704,11701,5221,15225,2135,1939,10694,15447,52,18109,537,2826,613,21224,2069,1827,0.60609076433121,0.0849920382165605,0.0771894904458599,0.207842356687898,0.87225,0.153256704980843,0.172185430463576,0.029653763322105,0.1125,0.296278395360077,0.692302712500809,0,0,0,0,0,0,0,0,0,0,0,0,0,0,0,0,0
75220,ZCTA5 75220,ZIP,42009,1245,47111,0.5713,11062,4921,4239,24270,15549,1298,491,9851,14402,297,21890,878,7179,3245,25711,11984,4314,0.370134971077626,0.0308981408745745,0.011687971625128,0.577733342855102,0.8185,0.312007417709782,0.23855421686747,0.040109639104614,0.17089195172463,0.270777703604806,0.684002221913623,0,0,0,0,0,0,0,0,0,0,0,0,0,0,0,0,0
75223,ZCTA5 75223,ZIP,14941,575,50286,0.4823,3189,1401,1652,9979,2790,1893,165,2184,4555,106,7063,298,3578,1654,9252,4150,1539,0.186734488990027,0.126698346830868,0.0110434375209156,0.667893715280102,0.77875,0.405458089668616,0.184347826086957,0.0421917032422483,0.239475269392946,0.39855421686747,0.4794731064764,0,0,0,0,0,0,0,0,0,0,0,0,0,0,0,0,0
75224,ZCTA5 75224,ZIP,37592,1411,42663,0.4545,6120,5460,2145,24102,2925,10031,356,6042,11274,285,15090,1021,8125,3554,20618,11921,5053,0.0778091083209193,0.266838689082784,0.00947010002128112,0.641147052564375,0.6925,0.370077181872155,0.20198440822112,0.0676607024519549,0.216136412002554,0.298129351564466,0.535923363491219,0,0,0,0,0,0,0,0,0,0,0,0,0,0,0,0,0
75407,ZCTA5 75407,ZIP,17978,463,66110,0.3893,1074,3513,1882,5353,10716,1340,247,1715,5732,89,8785,79,1343,525,11293,5331,1354,0.596061853376349,0.0745355434419847,0.0137390143508733,0.297752808988764,0.84425,0.539143279172821,0.192224622030238,0.00899260102447353,0.0747024140616309,0.0984805852560495,0.299197487787858,0,0,0,0,0,0,0,0,0,0,0,0,0,0,0,0,0
75409,ZCTA5 75409,ZIP,16349,793,90540,0.3627,950,2524,2925,2927,10598,1840,793,1190,4831,0,7765,0,1376,575,9746,5647,956,0.648235366077436,0.112545109792648,0.0485044956878097,0.179032356719065,0.7505,0.905857740585774,0,0,0.084164169062328,0.101823977333097,0.246325812461188,0,0,0,0,0,0,0,0,0,0,0,0,0,0,0,0,0
75225,ZCTA5 75225,ZIP,21736,742,161296,0.5499,109,285,9071,932,19324,69,939,1919,8932,0,9319,26,724,92,15388,5577,771,0.889032020610968,0.00317445712182554,0.0432002208317998,0.0428781744571218,0.77725,0.0518806744487678,0,0.00278999892692349,0.0333087964666912,0.0164963241886319,0.214845499328258,0,0,0,0,0,0,0,0,0,0,0,0,0,0,0,0,0
75226,ZCTA5 75226,ZIP,4579,56,49115,0.356,988,473,1040,1798,1721,906,69,1829,1933,0,2554,202,1507,217,3682,590,307,0.375846254640751,0.197859794715003,0.015068792312732,0.392662153308583,0.7335,0.254071661237785,0,0.0790916209866876,0.329111159641843,0.367796610169492,0.946197620279358,0,0,0,0,0,0,0,0,0,0,0,0,0,0,0,0,0
75227,ZCTA5 75227,ZIP,59924,2244,43890,0.4202,9331,9243,2570,37527,4828,16935,159,7850,17897,297,24883,786,12932,6015,33179,19610,7135,0.0805687203791469,0.282607970095454,0.00265336092383686,0.626243241439156,0.73575,0.403924316748423,0.132352941176471,0.0315878310493108,0.215806688472065,0.306731259561448,0.438620997932614,0,0,0,0,0,0,0,0,0,0,0,0,0,0,0,0,0
75228,ZCTA5 75228,ZIP,73976,2636,42243,0.4458,11189,11172,6308,39497,17176,14747,1433,13931,25670,340,33953,1273,16071,6919,44769,21082,8125,0.232183410835947,0.199348437331026,0.0193711473991565,0.533916405320645,0.78275,0.277169230769231,0.128983308042489,0.0374930050363738,0.217246133881259,0.32819466843753,0.542695753798208,0,0,0,0,0,0,0,0,0,0,0,0,0,0,0,0,0
75229,ZCTA5 75229,ZIP,32322,943,100144,0.539,4974,1958,8490,11381,19008,694,829,3075,11085,129,17591,174,2396,881,22202,8000,2120,0.588082420642287,0.0214714435987872,0.0256481653363035,0.352113111812388,0.85525,0.352830188679245,0.136797454931071,0.0098914217497584,0.074129076171029,0.110125,0.277401894451962,0,0,0,0,0,0,0,0,0,0,0,0,0,0,0,0,0
75230,ZCTA5 75230,ZIP,27489,567,91596,0.6006,763,1174,9802,3031,20559,2266,1127,5154,13207,40,15022,213,1413,184,21032,4480,1977,0.747899159663866,0.0824329731892757,0.0409982174688057,0.110262286732875,0.8475,0.323722812341932,0.0705467372134039,0.0141792038343762,0.0514023791334716,0.0410714285714286,0.390247595971833,0,0,0,0,0,0,0,0,0,0,0,0,0,0,0,0,0
75231,ZCTA5 75231,ZIP,40371,1664,41806,0.5244,5271,5454,7123,13367,11684,10202,4025,14098,17126,247,21402,1461,8703,3457,26093,10327,3951,0.289415669663868,0.252706150454534,0.0997002799038914,0.331104010304426,0.79575,0.380663123259934,0.1484375,0.068264648163723,0.215575536895296,0.33475355863271,0.823192806259489,0,0,0,0,0,0,0,0,0,0,0,0,0,0,0,0,0
75232,ZCTA5 75232,ZIP,31453,758,40103,0.4534,4051,4741,1801,11270,2190,17748,12,4627,10867,193,11698,571,7968,2848,20871,8179,2403,0.0696276984707341,0.564270498839538,0.000381521635456077,0.358312402632499,0.65375,0.409488139825219,0.254617414248021,0.0488117626944777,0.253330365942835,0.348208827485023,0.425784485138493,0,0,0,0,0,0,0,0,0,0,0,0,0,0,0,0,0
75233,ZCTA5 75233,ZIP,17280,657,51062,0.407,2251,2751,1504,9632,1818,5594,115,2685,5255,202,7821,394,3248,1125,10411,4725,2144,0.105208333333333,0.323726851851852,0.00665509259259259,0.557407407407407,0.7595,0.357276119402985,0.307458143074581,0.050377189617696,0.187962962962963,0.238095238095238,0.510941960038059,0,0,0,0,0,0,0,0,0,0,0,0,0,0,0,0,0
75423,ZCTA5 75423,ZIP,3110,53,63107,0.4221,129,575,327,342,2633,53,1,191,1129,8,1380,18,413,122,2267,689,154,0.846623794212219,0.0170418006430868,0.000321543408360129,0.109967845659164,0.7985,0.675324675324675,0.150943396226415,0.0130434782608696,0.132797427652733,0.177068214804064,0.169176262178919,0,0,0,0,0,0,0,0,0,0,0,0,0,0,0,0,0
75424,ZCTA5 75424,ZIP,3024,97,65893,0.388,316,553,186,545,2375,10,22,206,1126,8,1442,0,257,145,2123,657,244,0.785383597883598,0.00330687830687831,0.00727513227513227,0.180224867724868,0.79525,0.0655737704918033,0.0824742268041237,0,0.0849867724867725,0.220700152207002,0.182948490230906,0,0,0,0,0,0,0,0,0,0,0,0,0,0,0,0,0
75234,ZCTA5 75234,ZIP,37160,954,71118,0.4207,4374,4680,6249,19975,12324,1746,2368,4993,12784,188,20302,342,2676,927,25038,8457,3665,0.331646932185145,0.0469860064585576,0.063724434876211,0.53754036598493,0.83325,0.357980900409277,0.19706498951782,0.016845630972318,0.0720129171151776,0.109613338063143,0.390566332916145,0,0,0,0,0,0,0,0,0,0,0,0,0,0,0,0,0
75235,ZCTA5 75235,ZIP,18429,344,48603,0.4264,2724,2461,3879,8390,5805,3026,907,5896,7937,139,9983,525,3736,909,13066,3251,2112,0.314992674588963,0.164197731835694,0.0492159097075262,0.455260730370612,0.77225,0.320075757575758,0.40406976744186,0.0525894019833717,0.202723967659667,0.27960627499231,0.742849943303515,0,0,0,0,0,0,0,0,0,0,0,0,0,0,0,0,0
75236,ZCTA5 75236,ZIP,18137,717,43279,0.4418,2127,2637,1677,9075,1894,6461,462,3896,6146,32,8234,178,2895,1168,10278,5810,2049,0.104427413574461,0.356233114627557,0.025472790428406,0.500358383415118,0.78325,0.461688628599317,0.0446304044630404,0.0216176827787224,0.159618459502674,0.201032702237522,0.633908232997071,0,0,0,0,0,0,0,0,0,0,0,0,0,0,0,0,0
75237,ZCTA5 75237,ZIP,21423,888,27970,0.4745,2072,3727,1299,4034,385,16186,205,7903,9159,255,9062,862,6824,2697,12234,6562,2627,0.0179713392148625,0.755543107874714,0.00956915464687485,0.188302291929235,0.7325,0.429387133612486,0.287162162162162,0.095122489516663,0.318536152733044,0.411002743066138,0.862867125232012,0,0,0,0,0,0,0,0,0,0,0,0,0,0,0,0,0
75238,ZCTA5 75238,ZIP,33049,1437,70593,0.4893,3023,2364,8582,8585,16864,5094,2019,6315,12755,98,16442,293,3518,1452,21434,9491,2124,0.510272625495476,0.154134769584556,0.0610911071439378,0.259765802293564,0.82425,0.432203389830509,0.0681976339596381,0.0178202165186717,0.106448001452389,0.15298704035402,0.495099960799686,0,0,0,0,0,0,0,0,0,0,0,0,0,0,0,0,0
75240,ZCTA5 75240,ZIP,28534,1042,51569,0.4848,4451,2888,4630,17586,5750,3188,886,7665,10115,93,15498,538,5287,2437,16850,8404,3280,0.201513983318147,0.111726361533609,0.0310506763860657,0.616317375762249,0.847,0.475,0.0892514395393474,0.0347141566653762,0.185287726922268,0.28998096144693,0.757785467128028,0,0,0,0,0,0,0,0,0,0,0,0,0,0,0,0,0
75241,ZCTA5 75241,ZIP,31562,637,32313,0.5262,3013,5702,1471,6962,813,23110,19,4835,11021,152,11075,702,9204,3500,19146,9224,3192,0.0257588239021608,0.732209619162284,0.000601989734490843,0.22058171218554,0.63175,0.506892230576441,0.23861852433281,0.0633860045146727,0.291616500855459,0.379444926279271,0.438707921241267,0,0,0,0,0,0,0,0,0,0,0,0,0,0,0,0,0
75243,ZCTA5 75243,ZIP,68308,2338,41786,0.489,5878,8557,11779,14880,16445,30457,4526,21496,28307,328,35919,1954,15337,6466,44655,17307,6346,0.240747789424372,0.445877496047315,0.0662587105463489,0.217836856590736,0.80775,0.261266939804601,0.140290846877673,0.0544001781786798,0.224527141769632,0.373606055353325,0.759388137209878,0,0,0,0,0,0,0,0,0,0,0,0,0,0,0,0,0
75442,ZCTA5 75442,ZIP,9308,260,73405,0.4,770,1568,890,2012,6209,785,73,839,3045,17,4127,0,1066,383,6326,2349,633,0.667060593038247,0.0843360550064461,0.0078427159432746,0.216158143532445,0.75375,0.590837282780411,0.0653846153846154,0,0.114525139664804,0.163048105576841,0.275533661740558,0,0,0,0,0,0,0,0,0,0,0,0,0,0,0,0,0
75201,ZCTA5 75201,ZIP,17476,168,97104,0.4884,229,936,9958,2446,11174,2609,866,9161,10335,61,13710,405,2462,392,14136,905,2435,0.639391165026322,0.149290455481804,0.0495536736095216,0.139963378347448,0.8645,0.0780287474332649,0.363095238095238,0.0295404814004376,0.14087891966125,0.433149171270718,0.88640541848089,0,0,0,0,0,0,0,0,0,0,0,0,0,0,0,0,0
75202,ZCTA5 75202,ZIP,2312,0,79766,0.3979,4,59,1369,344,1277,479,96,1160,1497,0,1695,165,353,96,1867,172,273,0.552335640138408,0.207179930795848,0.041522491349481,0.14878892733564,0.88675,0.124542124542125,0,0.0973451327433628,0.152681660899654,0.558139534883721,0.774883099532398,0,0,0,0,0,0,0,0,0,0,0,0,0,0,0,0,0
75244,ZCTA5 75244,ZIP,13254,261,95711,0.4607,257,623,5369,2737,7819,876,1036,2943,5864,23,8236,68,510,132,9667,2435,1152,0.589935113927871,0.0660932548664554,0.078165082239324,0.206503696997133,0.9015,0.0642361111111111,0.0881226053639847,0.00825643516270034,0.0384789497510186,0.0542094455852156,0.5018758526603,0,0,0,0,0,0,0,0,0,0,0,0,0,0,0,0,0
75246,ZCTA5 75246,ZIP,2760,85,24803,0.5521,380,323,410,1037,966,648,84,1201,1343,9,1306,140,1321,533,1987,659,114,0.35,0.234782608695652,0.0304347826086957,0.375724637681159,0.85025,0,0.105882352941176,0.107197549770291,0.478623188405797,0.808801213960546,0.894266567386448,0,0,0,0,0,0,0,0,0,0,0,0,0,0,0,0,0
75247,ZCTA5 75247,ZIP,792,0,18568,0.4466,140,189,26,63,312,378,0,209,209,0,194,112,514,0,780,0,12,0.393939393939394,0.477272727272727,0,0.0795454545454545,0.33475,0,0,0.577319587628866,0.648989898989899,0,1,0,0,0,0,0,0,0,0,0,0,0,0,0,0,0,0,0
75248,ZCTA5 75248,ZIP,37373,1168,86938,0.5007,1342,2621,13032,7272,22754,3571,2120,7790,16460,143,20981,425,2103,539,28140,7152,2081,0.608835255398282,0.095550263559254,0.0567254435019934,0.194578974125706,0.8495,0.36232580490149,0.122431506849315,0.0202564224774796,0.0562705696625906,0.0753635346756152,0.473268529769137,0,0,0,0,0,0,0,0,0,0,0,0,0,0,0,0,0
75249,ZCTA5 75249,ZIP,17649,603,64246,0.3362,1166,2411,2219,6684,1468,8551,880,1344,5386,92,8892,17,1766,760,10889,4929,1831,0.0831775171397813,0.484503371295824,0.0498611819366536,0.378718340982492,0.81925,0.262151829601311,0.15257048092869,0.00191183085919928,0.100062326477421,0.154189490768919,0.249535833642778,0,0,0,0,0,0,0,0,0,0,0,0,0,0,0,0,0
75251,ZCTA5 75251,ZIP,2861,0,69028,0.3466,45,196,893,521,1547,546,230,1740,1740,0,1839,0,394,80,1985,324,552,0.540720027962251,0.190842362810206,0.0803914715134568,0.182104159384831,0.80925,0.0398550724637681,0,0,0.137714085983922,0.246913580246914,1,0,0,0,0,0,0,0,0,0,0,0,0,0,0,0,0,0
76135,ZCTA5 76135,ZIP,21973,626,63672,0.4688,1438,3096,3024,6646,13261,1166,511,2416,7929,63,10721,16,2307,791,14492,5591,1890,0.603513402812543,0.0530651253811496,0.0232558139534884,0.302462112592727,0.81175,0.610582010582011,0.100638977635783,0.00149239809719243,0.104992490784144,0.141477374351637,0.304704250220709,0,0,0,0,0,0,0,0,0,0,0,0,0,0,0,0,0
76137,ZCTA5 76137,ZIP,60385,1917,76877,0.3587,3210,7357,10680,15681,30964,6630,5267,7576,19826,282,31539,124,5166,2151,37420,16413,6552,0.512776351742983,0.109795479009688,0.0872236482570175,0.259683696282189,0.8225,0.306166056166056,0.147104851330203,0.00393164019150893,0.0855510474455577,0.131054651800402,0.382124483002118,0,0,0,0,0,0,0,0,0,0,0,0,0,0,0,0,0
76140,ZCTA5 76140,ZIP,30723,823,52119,0.4107,3234,5935,2173,13158,7698,8815,434,2956,9602,151,13563,119,4967,2240,18830,9114,2779,0.250561468606581,0.286918595189272,0.0141262246525404,0.428278488428864,0.746,0.449082403742353,0.183475091130012,0.0087738700877387,0.161670409790711,0.245775729646697,0.307852530722766,0,0,0,0,0,0,0,0,0,0,0,0,0,0,0,0,0
75452,ZCTA5 75452,ZIP,4650,145,57500,0.4278,253,897,445,645,3809,91,10,463,1548,15,1938,0,684,250,2869,1291,490,0.819139784946237,0.0195698924731183,0.0021505376344086,0.138709677419355,0.79225,0.497959183673469,0.103448275862069,0,0.147096774193548,0.193648334624322,0.299095607235142,0,0,0,0,0,0,0,0,0,0,0,0,0,0,0,0,0
75454,ZCTA5 75454,ZIP,10467,278,108889,0.3342,304,1219,1520,1384,8234,467,259,339,3044,0,4940,0,394,210,6195,3400,872,0.786662845132321,0.0446164134900162,0.0247444348906086,0.132225088372982,0.882,0.208715596330275,0,0,0.0376421133084934,0.0617647058823529,0.111366622864652,0,0,0,0,0,0,0,0,0,0,0,0,0,0,0,0,0
75203,ZCTA5 75203,ZIP,17367,488,39285,0.4582,3140,2819,1593,9453,1462,6074,147,4609,6425,189,8253,544,4670,1863,11177,4404,1786,0.0841826452467323,0.349743766914263,0.00846432889963724,0.544308170668509,0.723,0.382978723404255,0.387295081967213,0.0659154246940507,0.268900788852421,0.423024523160763,0.717354085603113,0,0,0,0,0,0,0,0,0,0,0,0,0,0,0,0,0
75204,ZCTA5 75204,ZIP,30537,402,81529,0.4828,1251,1705,14838,6071,16919,4012,2465,14153,17628,90,21761,597,4403,1101,23402,2849,4286,0.554049186233094,0.13138160264597,0.0807217473884141,0.198808003405705,0.845,0.147923471768549,0.223880597014925,0.0274344009926014,0.144185741886891,0.386451386451386,0.802870433401407,0,0,0,0,0,0,0,0,0,0,0,0,0,0,0,0,0
75205,ZCTA5 75205,ZIP,24877,512,156636,0.57,113,445,10024,1657,20534,517,1734,3208,9316,32,11629,85,1219,128,15109,5282,4486,0.825421071672629,0.0207822486634241,0.0697029384572095,0.0666077099328697,0.793,0.271065537226928,0.0625,0.00730931292458509,0.0490010853398722,0.024233244982961,0.344353799914126,0,0,0,0,0,0,0,0,0,0,0,0,0,0,0,0,0
75206,ZCTA5 75206,ZIP,39010,829,71135,0.4871,2213,1878,18304,8328,24430,2195,2957,15112,20919,61,26690,1341,5036,1023,29709,5023,4278,0.626249679569341,0.0562676236862343,0.0758010766470136,0.213483722122533,0.86825,0.111266947171576,0.0735826296743064,0.0502435369052079,0.129095103819533,0.203663149512244,0.722405468712654,0,0,0,0,0,0,0,0,0,0,0,0,0,0,0,0,0
75207,ZCTA5 75207,ZIP,7702,0,87480,0.4433,1507,1474,1846,1897,2362,2899,159,1721,1731,0,2204,6,191,0,6570,134,998,0.306673591274993,0.376395741365879,0.0206439885743963,0.246299662425344,0.29875,0.488977955911824,0,0.00272232304900182,0.0247987535705012,0,0.99422299248989,0,0,0,0,0,0,0,0,0,0,0,0,0,0,0,0,0
76148,ZCTA5 76148,ZIP,23993,690,72572,0.3448,1453,3897,2797,6555,14837,923,998,1534,7885,168,12425,93,1795,645,16099,5778,2116,0.618388696703205,0.0384695536198058,0.0415954653440587,0.273204684699704,0.824,0.558601134215501,0.243478260869565,0.00748490945674044,0.0748134872671196,0.111630321910696,0.194546607482562,0,0,0,0,0,0,0,0,0,0,0,0,0,0,0,0,0
76155,ZCTA5 76155,ZIP,5813,223,57912,0.3201,247,613,2213,1205,1374,1939,930,3023,3023,0,4109,134,486,146,4351,936,526,0.23636676414932,0.333562704283503,0.15998623774299,0.207293996215379,0.8725,0.0836501901140684,0,0.0326113409588708,0.0836057113366592,0.155982905982906,1,0,0,0,0,0,0,0,0,0,0,0,0,0,0,0,0,0
76164,ZCTA5 76164,ZIP,15488,423,35984,0.4246,4138,2218,376,14541,765,40,79,2038,4428,47,6611,143,4123,1422,9414,4006,2068,0.0493930785123967,0.00258264462809917,0.00510072314049587,0.938855888429752,0.6715,0.41779497098646,0.111111111111111,0.021630615640599,0.266206095041322,0.354967548676985,0.460252935862692,0,0,0,0,0,0,0,0,0,0,0,0,0,0,0,0,0
76177,ZCTA5 76177,ZIP,11695,444,94352,0.3311,30,1148,3401,1535,7578,1204,745,1760,4273,60,6300,0,339,35,7610,3210,875,0.647969217614365,0.102949978623343,0.0637024369388628,0.131252672082086,0.878,0.587428571428571,0.135135135135135,0,0.0289867464728517,0.0109034267912773,0.411888602855137,0,0,0,0,0,0,0,0,0,0,0,0,0,0,0,0,0
76179,ZCTA5 76179,ZIP,65496,2240,92742,0.3694,2487,9152,11796,17948,39081,4352,2250,5048,20867,190,32096,126,4204,1591,41253,20099,4144,0.596692927812386,0.0664468059118114,0.0343532429461341,0.274032001954318,0.8325,0.36969111969112,0.0848214285714286,0.00392572283150548,0.0641871259313546,0.0791581670729887,0.241913068481334,0,0,0,0,0,0,0,0,0,0,0,0,0,0,0,0,0
76180,ZCTA5 76180,ZIP,37524,1019,59140,0.4006,1957,4398,5782,7290,23221,3170,1798,7803,14829,161,19002,64,2988,1108,25295,8628,3601,0.61883061507302,0.0844792666027076,0.0479160004263938,0.194275663575312,0.826,0.286031657872813,0.157998037291462,0.00336806651931376,0.0796290374160537,0.128419100602689,0.526198664778475,0,0,0,0,0,0,0,0,0,0,0,0,0,0,0,0,0
76182,ZCTA5 76182,ZIP,31046,702,91998,0.4168,830,3555,7066,4028,23584,1394,1174,1925,11099,43,16048,81,1602,658,21850,7252,1944,0.759646975455775,0.0449011144752947,0.0378148553758938,0.129742962056304,0.818,0.330246913580247,0.0612535612535613,0.00504735792622134,0.0516008503510919,0.0907335907335907,0.173439048562934,0,0,0,0,0,0,0,0,0,0,0,0,0,0,0,0,0
76201,ZCTA5 76201,ZIP,28601,145,33035,0.4863,770,1364,4465,5854,16392,3444,2122,7804,9745,10,15024,648,6785,402,12207,2211,14183,0.573126813747771,0.120415370091955,0.0741932100276214,0.20467815810636,0.794,0.151589931608263,0.0689655172413793,0.0431309904153355,0.237229467501136,0.181818181818182,0.800820933812211,0,0,0,0,0,0,0,0,0,0,0,0,0,0,0,0,0
76205,ZCTA5 76205,ZIP,21326,316,53949,0.4724,1275,2352,4028,4912,11573,2885,1206,4508,7330,86,11073,126,3736,392,13055,3460,4811,0.542670918128107,0.135280877801744,0.0565506892994467,0.230329175654131,0.72325,0.15256703388069,0.272151898734177,0.0113790300731509,0.175185219919347,0.113294797687861,0.615006821282401,0,0,0,0,0,0,0,0,0,0,0,0,0,0,0,0,0
76207,ZCTA5 76207,ZIP,14588,325,68255,0.4198,928,1396,2325,3677,9195,820,338,1886,5515,51,6295,0,1416,475,10444,3071,1073,0.630312585686866,0.0562105840416781,0.0231697285440088,0.252056484782013,0.8135,0.300093196644921,0.156923076923077,0,0.0970660817109953,0.154672745034191,0.341976427923844,0,0,0,0,0,0,0,0,0,0,0,0,0,0,0,0,0
76208,ZCTA5 76208,ZIP,24621,1016,83358,0.412,1531,2406,5714,7055,15255,962,630,2630,7891,239,12947,39,1865,714,16256,6435,1930,0.619593030339954,0.0390723366232078,0.0255879127574022,0.286544007148369,0.8185,0.471502590673575,0.235236220472441,0.0030122808372596,0.0757483449088177,0.110955710955711,0.333291091116462,0,0,0,0,0,0,0,0,0,0,0,0,0,0,0,0,0
76209,ZCTA5 76209,ZIP,25689,866,54438,0.4072,1674,2747,4150,8329,13628,2607,409,4921,9218,95,13957,212,4778,1603,15548,6051,4090,0.530499435556075,0.101483125072988,0.0159212114134454,0.324224376192145,0.84975,0.250366748166259,0.109699769053118,0.0151895106398223,0.18599400521624,0.26491489010081,0.53384682143632,0,0,0,0,0,0,0,0,0,0,0,0,0,0,0,0,0
76210,ZCTA5 76210,ZIP,45474,971,95499,0.3722,2044,4054,10023,8714,30454,3651,1246,3739,14954,85,24673,164,2642,351,30388,10661,4425,0.669701367814575,0.0802876368914105,0.0274002726832916,0.191625984078814,0.84,0.313220338983051,0.0875386199794027,0.00664694200137803,0.0580991335708317,0.0329237407372667,0.250033435870001,0,0,0,0,0,0,0,0,0,0,0,0,0,0,0,0,0
76226,ZCTA5 76226,ZIP,26761,682,138467,0.3964,490,1699,9166,2475,22118,678,923,723,8935,76,13424,16,973,299,18024,7585,1152,0.826501251821681,0.0253353761070214,0.034490489892007,0.0924853331340383,0.7745,0.246527777777778,0.111436950146628,0.00119189511323004,0.0363588804603714,0.0394199077125906,0.080917739227756,0,0,0,0,0,0,0,0,0,0,0,0,0,0,0,0,0
76227,ZCTA5 76227,ZIP,34036,996,94235,0.3761,803,3471,7370,4293,23931,4244,347,2385,11412,135,17947,20,2386,1255,21785,10359,1892,0.703108473381126,0.12469150311435,0.0101950875543542,0.126131155247385,0.85525,0.271670190274841,0.135542168674699,0.00111439237755614,0.0701022446821013,0.121150690221064,0.208990536277603,0,0,0,0,0,0,0,0,0,0,0,0,0,0,0,0,0
76234,ZCTA5 76234,ZIP,16630,549,66409,0.4499,924,2160,1925,3515,12298,255,210,1341,5946,109,7982,4,1605,648,10741,4427,1462,0.73950691521347,0.0153337342152736,0.0126277811184606,0.211365003006615,0.836,0.503419972640219,0.198542805100182,0.000501127536958156,0.0965123271196633,0.146374519990965,0.225529767911201,0,0,0,0,0,0,0,0,0,0,0,0,0,0,0,0,0
76240,ZCTA5 76240,ZIP,28010,843,53045,0.4431,2002,4407,2277,6163,19532,1110,301,4010,10829,114,13034,8,4498,2067,18729,6850,2431,0.697322384862549,0.0396287040342735,0.0107461620849697,0.220028561228133,0.793,0.373508844097079,0.135231316725979,0.000613779346324996,0.160585505176723,0.301751824817518,0.370301966940622,0,0,0,0,0,0,0,0,0,0,0,0,0,0,0,0,0
76244,ZCTA5 76244,ZIP,77496,2684,105182,0.3179,1212,6480,21731,12237,48872,7011,6393,5168,24758,310,40721,64,2099,173,47089,24749,5658,0.630639000722618,0.0904691855063487,0.0824945803654382,0.157904924125116,0.8635,0.420289855072464,0.115499254843517,0.00157167063677218,0.0270852689171054,0.00699018142147158,0.20874060909605,0,0,0,0,0,0,0,0,0,0,0,0,0,0,0,0,0
76247,ZCTA5 76247,ZIP,13601,452,90971,0.3861,606,1668,2350,2134,10552,357,40,669,4211,0,6463,8,851,286,8990,3806,805,0.775825306962723,0.0262480699948533,0.00294096022351298,0.156900227924417,0.76175,0.432298136645963,0,0.00123781525607303,0.0625689287552386,0.0751445086705202,0.158869627166944,0,0,0,0,0,0,0,0,0,0,0,0,0,0,0,0,0
76248,ZCTA5 76248,ZIP,39665,762,138519,0.4137,642,2372,12522,4088,31009,867,2532,2680,13207,80,19704,36,1186,401,26034,11026,2605,0.781772343375772,0.0218580612630783,0.0638346148997857,0.10306315391403,0.82375,0.246449136276392,0.10498687664042,0.00182704019488429,0.0299004159838649,0.0363685833484491,0.202922692511547,0,0,0,0,0,0,0,0,0,0,0,0,0,0,0,0,0
76249,ZCTA5 76249,ZIP,8317,105,75139,0.3588,423,1094,1611,1337,6617,103,55,598,2890,38,4398,0,653,13,5841,1987,489,0.795599374774558,0.0123842731754238,0.00661296140435253,0.160755079956715,0.86525,0.830265848670757,0.361904761904762,0,0.0785138872189491,0.00654252642174132,0.206920415224914,0,0,0,0,0,0,0,0,0,0,0,0,0,0,0,0,0
76623,ZCTA5 76623,ZIP,259,2,66750,0.4605,40,25,2,150,105,4,0,5,81,2,129,0,29,17,178,65,16,0.405405405405405,0.0154440154440154,0,0.579150579150579,0.65425,0,1,0,0.111969111969112,0.261538461538462,0.0617283950617284,0,0,0,0,0,0,0,0,0,0,0,0,0,0,0,0,0
76626,ZCTA5 76626,ZIP,1386,52,56985,0.4607,57,211,105,46,1216,13,0,143,457,21,528,0,167,60,819,450,117,0.877344877344877,0.00937950937950938,0,0.0331890331890332,0.6585,0.564102564102564,0.403846153846154,0,0.120490620490621,0.133333333333333,0.312910284463895,0,0,0,0,0,0,0,0,0,0,0,0,0,0,0,0,0
76627,ZCTA5 76627,ZIP,1511,31,62344,0.3475,106,334,88,132,1322,8,0,52,531,7,683,0,94,43,980,377,154,0.874917273328921,0.00529450694904037,0,0.0873593646591661,0.773,0.818181818181818,0.225806451612903,0,0.0622104566512244,0.114058355437666,0.0979284369114878,0,0,0,0,0,0,0,0,0,0,0,0,0,0,0,0,0
76636,ZCTA5 76636,ZIP,1525,24,58889,0.421,83,333,136,78,1401,0,2,87,574,3,768,0,149,31,1093,295,137,0.918688524590164,0,0.00131147540983607,0.0511475409836066,0.8605,0.306569343065693,0.125,0,0.0977049180327869,0.105084745762712,0.151567944250871,0,0,0,0,0,0,0,0,0,0,0,0,0,0,0,0,0
76641,ZCTA5 76641,ZIP,1575,31,40357,0.438,177,257,103,334,1138,71,0,95,578,0,536,0,333,119,1126,339,110,0.722539682539683,0.0450793650793651,0,0.212063492063492,0.707,0.509090909090909,0,0,0.211428571428571,0.351032448377581,0.164359861591696,0,0,0,0,0,0,0,0,0,0,0,0,0,0,0,0,0
76258,ZCTA5 76258,ZIP,7010,59,65492,0.4523,437,820,1128,1394,5151,284,10,900,2736,24,3332,0,590,187,4688,1446,876,0.734807417974322,0.0405135520684736,0.0014265335235378,0.19885877318117,0.91375,0.554794520547945,0.406779661016949,0,0.0841654778887304,0.129322268326418,0.328947368421053,0,0,0,0,0,0,0,0,0,0,0,0,0,0,0,0,0
76259,ZCTA5 76259,ZIP,6045,163,82875,0.3415,434,758,924,615,4911,221,104,423,1927,5,2950,16,681,211,3950,1754,341,0.812406947890819,0.0365591397849462,0.0172043010752688,0.101736972704715,0.83375,0.275659824046921,0.0306748466257669,0.00542372881355932,0.112655086848635,0.120296465222349,0.219512195121951,0,0,0,0,0,0,0,0,0,0,0,0,0,0,0,0,0
76262,ZCTA5 76262,ZIP,39425,1413,121352,0.4189,733,2906,12022,4536,30084,1314,2400,2869,12919,123,19858,0,1958,558,25408,11408,2609,0.763069118579582,0.0333291058972733,0.0608750792644261,0.115053899809765,0.811,0.307397470295132,0.0870488322717622,0,0.0496639188332277,0.0489130434782609,0.222076012075238,0,0,0,0,0,0,0,0,0,0,0,0,0,0,0,0,0
76266,ZCTA5 76266,ZIP,16112,548,73554,0.4385,972,2659,2174,3268,12009,562,53,1219,5373,48,8408,42,1177,463,10735,3858,1519,0.745345084409136,0.0348808341608739,0.00328947368421053,0.202830188679245,0.80725,0.477946017116524,0.0875912408759124,0.00499524262607041,0.0730511420059583,0.120010368066356,0.226875116322353,0,0,0,0,0,0,0,0,0,0,0,0,0,0,0,0,0
76271,ZCTA5 76271,ZIP,1792,30,75714,0.4017,74,233,264,223,1557,0,6,93,580,26,773,0,156,72,1105,481,206,0.868861607142857,0,0.00334821428571429,0.124441964285714,0.798,0.0485436893203884,0.866666666666667,0,0.0870535714285714,0.14968814968815,0.160344827586207,0,0,0,0,0,0,0,0,0,0,0,0,0,0,0,0,0
76272,ZCTA5 76272,ZIP,4116,69,67270,0.4379,312,790,386,295,3788,4,12,259,1629,10,1959,2,228,68,3048,795,273,0.920310981535471,0.000971817298347911,0.00291545189504373,0.0716715257531584,0.698,0.32967032967033,0.144927536231884,0.00102092904543134,0.0553935860058309,0.0855345911949686,0.158993247391037,0,0,0,0,0,0,0,0,0,0,0,0,0,0,0,0,0
76651,ZCTA5 76651,ZIP,3250,74,56607,0.3727,227,580,187,758,1944,422,0,420,1247,9,1548,0,310,66,2235,749,266,0.598153846153846,0.129846153846154,0,0.233230769230769,0.79,0.526315789473684,0.121621621621622,0,0.0953846153846154,0.0881174899866489,0.336808340016039,0,0,0,0,0,0,0,0,0,0,0,0,0,0,0,0,0
76652,ZCTA5 76652,ZIP,1349,39,45216,0.3531,73,225,86,201,1104,0,0,74,519,24,509,0,302,71,939,265,145,0.818383988139363,0,0,0.148999258710156,0.7645,0.137931034482759,0.615384615384615,0,0.223869532987398,0.267924528301887,0.142581888246628,0,0,0,0,0,0,0,0,0,0,0,0,0,0,0,0,0
76666,ZCTA5 76666,ZIP,268,10,51528,0.3611,2,45,18,24,239,0,0,19,91,5,123,0,44,11,170,77,21,0.891791044776119,0,0,0.0895522388059701,0.824,0,0.5,0,0.164179104477612,0.142857142857143,0.208791208791209,0,0,0,0,0,0,0,0,0,0,0,0,0,0,0,0,0
76670,ZCTA5 76670,ZIP,1517,36,47059,0.4132,227,322,39,486,803,182,0,131,476,4,688,0,216,75,1055,360,102,0.529334212261042,0.119973632168754,0,0.320369149637442,0.75375,1.11764705882353,0.111111111111111,0,0.142386288727752,0.208333333333333,0.275210084033613,0,0,0,0,0,0,0,0,0,0,0,0,0,0,0,0,0
75474,ZCTA5 75474,ZIP,15017,240,53468,0.4292,1731,2760,743,2776,11763,102,166,1240,5392,42,5846,0,2559,739,10585,3298,1134,0.783312246121063,0.00679230205766798,0.0110541386428714,0.184857161883199,0.728,0.469135802469136,0.175,0,0.170406872211494,0.224075197089145,0.229970326409496,0,0,0,0,0,0,0,0,0,0,0,0,0,0,0,0,0
