GEOID,NAME,totpopE_13,totpopM_13,medincE_13,medincM_13,giniE_13,giniM_13,lesshsE_13,lesshsM_13,hsdegE_13,hsdegM_13,somecolE_13,somecolM_13,badegE_13,badegM_13,graddegE_13,graddegM_13,totdegE_13,totdegM_13,TYPE,totpopE_18,totpopM_18,medincE_18,medincM_18,giniE_18,giniM_18,lesshsE_18,lesshsM_18,hsdegE_18,hsdegM_18,somecolE_18,somecolM_18,badegE_18,badegM_18,graddegE_18,graddegM_18,totdegE_18,totdegM_18,ADJ_medinc_13,pertotpop,permedinc,pergini,perlesshs,perhsdeg,persomecol,perbadeg,pergraddeg
4850920,"New Fairview city, Texas",1102,258,54135,9704,0.2856,0.0357,118,63,375,125,191,54,16,10,8,14,708,153,PLACE,1273,266,67500,13429,0.3756,0.0454,105,36,391,108,275,64,52,28,22,19,845,158,58358.96509,0.155172414,0.15663463,0.31512605,-0.042406312,-0.066939123,0.055669776,0.038939591,0.014736068
4811428,"Burleson city, Texas",38165,47,67701,4219,0.3647,0.0187,1674,340,7451,626,9097,619,3950,495,1734,334,23906,588,PLACE,44629,46,77342,3550,0.3695,0.0195,2010,328,8254,679,10882,699,5044,559,2412,423,28602,566,72983.47272,0.169369841,0.059719374,0.013161503,0.000250544,-0.023097858,-6.92E-05,0.011120818,0.011795675
4815364,"Cleburne city, Texas",29677,47,47278,3352,0.3932,0.0154,4041,414,5847,506,5388,460,1997,253,692,148,17965,597,PLACE,29878,40,50253,2839,0.431,0.0229,3886,517,6808,539,5377,496,2139,309,953,179,19163,553,50966.93731,0.006772922,-0.014007852,0.096134283,-0.022150758,0.02980178,-0.019323695,0.000460764,0.01121191
4838548,"Keene city, Texas",6085,28,37257,7260,0.4621,0.0344,602,222,1025,278,1200,206,544,147,171,79,3542,324,PLACE,6339,33,47993,9358,0.4177,0.0396,629,180,907,180,1045,180,691,140,199,85,3471,221,40164.03366,0.041741988,0.194924803,-0.096083099,0.011255314,-0.028076548,-0.037725668,0.045492531,0.009054372
4846452,"Mansfield city, Texas",57529,507,94112,4697,0.4033,0.0249,2239,341,6928,676,11573,672,9915,670,4714,549,35369,681,PLACE,67492,627,96253,3311,0.3796,0.014,2506,409,7743,655,14809,767,11640,718,5643,564,42341,783,101455.2309,0.173182221,-0.051276123,-0.058765187,-0.004117892,-0.013005353,0.022548115,-0.00541939,-5.48E-06
4875236,"Venus town, Texas",3047,71,56625,7464,0.3685,0.0447,529,109,793,116,634,154,216,81,56,40,2228,167,PLACE,3488,52,60714,8332,0.3551,0.0429,417,93,976,135,727,132,258,78,59,28,2437,110,61043.2511,0.144732524,-0.005393735,-0.036363636,-0.066320652,0.044567813,0.01375746,0.008919935,-0.000924556
4830512,"Grandview city, Texas",1323,377,34559,15561,0.4191,0.0593,271,97,248,95,263,94,73,41,36,32,891,230,PLACE,2203,489,43500,5362,0.4095,0.0484,235,109,500,117,415,144,112,54,66,40,1328,268,37255.51814,0.665154951,0.167612267,-0.022906228,-0.127194806,0.098167079,0.017326038,0.002406934,0.009294755
4833824,"Highland Park town, Texas",8706,34,191422,32230,0.5456,0.026,105,58,193,73,642,130,2673,280,2318,257,5931,211,PLACE,9145,22,207019,30756,0.5526,0.0226,86,48,118,56,785,139,3013,229,2489,225,6491,195,206357.9905,0.050424994,0.003203217,0.012829912,-0.004454477,-0.01436187,0.012691866,0.013498321,-0.00737384
4826604,"Forney city, Texas",15356,30,77121,12925,0.3553,0.0343,523,174,2694,438,3500,460,1642,268,845,204,9204,313,PLACE,19366,34,92851,11009,0.3135,0.02,762,234,3287,429,4153,526,2405,408,1039,276,11646,417,83138.48244,0.261135712,0.116823368,-0.117647059,0.00860707,-0.010455996,-0.023666323,0.028107977,-0.002592728
4808872,"Blue Ridge city, Texas",1007,288,45184,4241,0.3394,0.0502,92,55,260,84,242,90,32,22,3,4,629,160,PLACE,1012,240,50179,10272,0.4918,0.1108,154,71,211,75,149,48,22,19,17,18,553,125,48709.5498,0.004965243,0.0301676,0.449027696,0.132217102,-0.031799377,-0.115298258,-0.011091402,0.025971935
4813684,"Celina city, Texas",6387,140,88789,10418,0.4077,0.0829,203,149,1048,273,1475,309,1014,256,290,142,4030,241,PLACE,9354,20,112176,19662,0.4604,0.0982,169,98,983,317,1986,343,1972,340,622,233,5732,311,95716.89575,0.464537341,0.171956102,0.129261712,-0.020888608,-0.088556257,-0.019529038,0.092420593,0.03655331
4841800,"Lavon city, Texas",2726,449,69841,9288,0.316,0.0374,69,53,478,126,643,172,381,83,113,41,1684,247,PLACE,3061,29,86583,8223,0.2908,0.0306,52,27,427,79,797,112,431,68,162,42,1869,102,75290.44945,0.122890682,0.149986494,-0.079746835,-0.013151507,-0.055383562,0.044602268,0.004357571,0.01957523
4847496,"Melissa city, Texas",5213,20,90556,18049,0.3324,0.0472,246,114,499,255,1036,298,647,240,394,170,2822,218,PLACE,8492,32,113532,19521,0.3259,0.0587,215,219,1129,364,2133,621,1060,314,587,276,5124,498,97621.76859,0.629004412,0.162978316,-0.019554753,-0.045212812,0.043510728,0.049160826,-0.022400388,-0.025058354
4838068,"Josephine city, Texas",670,173,78958,25577,0.3206,0.0554,49,27,169,53,133,58,77,51,8,11,436,108,PLACE,1243,209,57167,13238,0.3222,0.0377,101,52,388,103,264,64,94,52,31,19,878,144,85118.81713,0.855223881,-0.328385874,0.004990643,0.002648847,0.054298761,-0.0043625,-0.069544001,0.016958893
4848858,"Mobile City city, Texas",211,110,27656,9084,0.384,0.0633,77,67,43,29,26,18,3,6,0,13,149,74,PLACE,134,52,26042,17396,0.4002,0.08,19,12,15,12,40,24,3,5,0,13,77,27,29813.90115,-0.36492891,-0.126514847,0.0421875,-0.270025277,-0.093785409,0.344983875,0.018826811,0
4845804,"McLendon-Chisholm city, Texas",2301,606,109015,3600,0.3363,0.0694,38,33,536,331,519,144,251,84,184,72,1528,377,PLACE,2589,36,131964,24470,0.3791,0.0432,42,27,391,110,473,113,484,97,260,74,1650,124,117521.0599,0.125162973,0.122896612,0.127267321,0.000585436,-0.113815643,-0.052993019,0.129066318,0.037156909
4817648,"Cresson city, Texas",655,192,67778,23323,0.5335,0.1238,37,24,155,69,151,47,106,56,16,12,465,110,PLACE,864,253,68472,14664,0.4422,0.0774,85,58,191,69,207,52,91,31,31,14,605,129,73066.48076,0.319083969,-0.062880827,-0.171134021,0.060925975,-0.017630854,0.017417578,-0.077543766,0.016831067
4859748,"Providence Village town, Texas",4876,462,85599,4717,0.2462,0.0305,82,61,514,205,805,189,1084,329,376,136,2861,291,PLACE,7053,37,91645,8430,0.3012,0.0349,139,112,876,215,1564,292,1136,214,378,164,4093,237,92277.99118,0.446472518,-0.006859612,0.223395613,0.005299113,0.034366481,0.100745657,-0.101341469,-0.039069782
4873592,"Trenton city, Texas",771,149,41058,17080,0.4369,0.0802,94,59,220,83,168,58,57,43,21,16,560,123,PLACE,789,133,58750,10363,0.372,0.0656,106,50,198,52,161,42,45,21,16,13,526,83,44261.61242,0.023346304,0.327335286,-0.148546578,0.03366377,-0.016431287,0.00608365,-0.016234383,-0.007081749
4874756,"Valley View city, Texas",916,209,55625,26738,0.3945,0.0537,73,38,244,88,191,58,71,37,9,8,588,135,PLACE,944,202,70357,13316,0.4242,0.087,131,63,135,37,213,55,77,41,35,18,591,120,59965.22459,0.030567686,0.173296698,0.075285171,0.097508547,-0.18653959,0.035576159,0.009539349,0.043915536
4831616,"Gunter city, Texas",1535,336,62344,13015,0.4087,0.0556,211,136,226,146,304,94,151,58,110,44,1002,244,PLACE,1189,239,71406,13179,0.3801,0.0473,115,76,218,87,230,62,190,60,50,30,803,163,67208.4847,-0.225407166,0.06245514,-0.069977979,-0.067365891,0.045933041,-0.016967311,0.0859141,-0.047513938
4817429,"Coyote Flats city, Texas",283,151,50769,25973,0.3898,0.0976,28,27,110,91,54,33,39,35,16,23,247,147,PLACE,342,106,51250,14088,0.4134,0.0774,36,23,83,36,77,31,28,18,17,15,241,63,54730.32786,0.208480565,-0.063590481,0.060543869,0.036017269,-0.100945789,0.100878593,-0.041712164,0.005762091
4825752,"Ferris city, Texas",2625,438,45823,6869,0.4328,0.042,504,129,455,124,368,111,137,62,58,45,1522,234,PLACE,2612,42,58477,7415,0.3914,0.059,466,121,446,118,424,101,113,48,77,51,1526,141,49398.40874,-0.004952381,0.183783071,-0.095656192,-0.025769707,-0.006681386,0.036063468,-0.015963337,0.012350963
4829000,"Garland city, Texas",230177,237,51842,1043,0.3988,0.0071,33035,1236,35040,1325,43110,1509,21425,886,8889,665,141499,1394,PLACE,237982,160,58999,1343,0.4093,0.0106,35687,1622,35860,1647,44625,1298,23982,1038,10379,769,150533,1706,55887.0503,0.033908688,0.05568284,0.026328987,0.003606394,-0.009414068,-0.008219838,0.007899407,0.006128105
4854444,"Ovilla city, Texas",3554,188,89167,23763,0.3506,0.0397,111,75,488,142,890,187,547,162,336,143,2372,223,PLACE,3800,109,99103,28174,0.3235,0.0505,117,91,519,168,1029,214,820,188,258,96,2743,216,96124.38977,0.069217783,0.030987039,-0.077296064,-0.004141924,-0.016524663,-7.41E-05,0.068335681,-0.047595013
4880356,"Wylie city, Texas",42384,438,80632,5675,0.3234,0.0213,1719,354,6016,654,9034,878,7080,675,1846,425,25695,772,PLACE,49248,776,93637,6296,0.318,0.0165,2326,468,6876,717,9752,727,7727,838,2981,521,29662,664,86923.43351,0.161947905,0.077235404,-0.016697588,0.011516654,-0.002319408,-0.022815094,-0.015038336,0.028656184
4825224,"Fairview town, Texas",7592,32,76552,16763,0.5183,0.0625,119,91,809,260,1538,380,2518,384,823,217,5807,339,PLACE,8665,24,92159,16675,0.4882,0.061,63,58,555,220,1634,302,2852,307,1389,304,6493,339,82525.08535,0.141332982,0.116739227,-0.058074474,-0.010789752,-0.053837953,-0.013197135,0.005627658,0.072197182
4844308,"Lowry Crossing city, Texas",1758,332,84875,17470,0.3222,0.0426,84,42,355,94,454,113,226,69,68,28,1187,202,PLACE,1502,268,94471,9317,0.4753,0.1198,43,29,306,65,392,86,284,74,70,30,1095,185,91497.49999,-0.145620023,0.032498156,0.475170701,-0.031497232,-0.019621239,-0.024485965,0.068964774,0.006639662
4845012,"Lucas city, Texas",5607,24,118239,27603,0.5063,0.055,123,138,476,175,1074,239,1237,293,638,151,3548,283,PLACE,7217,73,173750,24628,0.458,0.0544,164,83,663,215,1371,252,1669,251,652,169,4519,214,127464.7765,0.287141074,0.363121678,-0.095397985,0.001623797,0.012553785,0.000679955,0.020682373,-0.035539909
4803300,"Anna city, Texas",8528,24,68297,12302,0.3459,0.0424,744,315,1409,320,1922,409,800,221,461,196,5336,370,PLACE,12271,20,88065,13381,0.2731,0.0442,1025,590,2036,587,2163,405,1195,460,763,421,7182,368,73625.97652,0.438907129,0.196113168,-0.210465452,0.003287621,0.019431022,-0.059025312,0.016463155,0.019843514
4805168,"Azle city, Texas",10752,343,55478,4926,0.4689,0.063,1065,287,1951,249,3007,322,1101,233,516,172,7640,448,PLACE,12149,356,65295,5143,0.4097,0.0437,729,215,2925,417,2995,526,1180,228,634,188,8463,377,59806.75469,0.129929315,0.091766312,-0.126252932,-0.053258239,0.090255628,-0.039692969,-0.004679486,0.007375066
4876672,"Watauga city, Texas",23798,32,58864,2447,0.3422,0.025,1881,349,4295,435,6080,476,2186,309,544,135,14986,406,PLACE,24526,55,70800,3026,0.3438,0.023,1881,348,4621,434,5714,439,2144,367,813,213,15173,463,63456.95245,0.030590806,0.11571699,0.004675628,-0.001546939,0.017953315,-0.029122002,-0.004565847,0.017281474
4878076,"Westworth Village city, Texas",2500,42,48036,4969,0.4384,0.062,220,56,410,111,645,106,370,89,80,38,1725,77,PLACE,2653,32,56875,5254,0.5142,0.059,180,75,370,92,680,107,407,92,160,49,1797,88,51784.08141,0.0612,0.098310493,0.17290146,-0.027369287,-0.031782439,0.004495415,0.011995838,0.042660473
4864112,"Saginaw city, Texas",20347,37,73696,5165,0.3671,0.052,961,300,4263,548,4849,499,1755,291,642,181,12470,538,PLACE,22873,31,79625,3251,0.3376,0.0367,1566,390,4676,512,5074,497,2486,402,988,280,14790,439,79446.24164,0.124146066,0.002250054,-0.080359575,0.028817397,-0.025700898,-0.045783606,0.027348774,0.015318333
4855152,"Parker city, Texas",3868,24,125703,11974,0.4107,0.0528,190,126,177,65,593,168,961,194,553,149,2474,233,PLACE,4534,40,137714,14347,0.4536,0.0446,403,245,422,140,616,195,914,191,525,149,2880,209,135511.1663,0.172182006,0.016255736,0.104455807,0.063131849,0.07498372,-0.025803916,-0.071078663,-0.04123299
4863668,"Royse City city, Texas",9485,304,65213,8956,0.3484,0.0348,486,155,1842,294,1712,269,729,171,367,153,5136,362,PLACE,11746,279,78200,11046,0.3716,0.0364,906,268,1815,353,2754,377,1213,328,468,193,7156,453,70301.34276,0.238376384,0.112354287,0.066590126,0.031980875,-0.105011545,0.051518539,0.027568853,-0.006056722
4874924,"Van Alstyne city, Texas",3047,31,51029,9036,0.4301,0.0761,178,79,710,203,722,174,218,77,180,99,2008,182,PLACE,3682,21,63393,17839,0.333,0.0433,164,97,967,235,851,203,213,98,113,66,2308,220,55010.61475,0.208401707,0.152377596,-0.225761451,-0.017588226,0.065391812,0.009155751,-0.016278042,-0.040681296
4877740,"Weston city, Texas",708,234,70714,29852,0.3315,0.0471,65,65,150,71,149,68,73,46,10,13,447,133,PLACE,305,103,85000,55194,0.4425,0.0914,25,20,113,52,37,19,50,30,2,4,227,70,76231.56659,-0.56920904,0.115023655,0.334841629,-0.035281712,0.162226887,-0.170337739,0.056953355,-0.013560792
4838632,"Keller city, Texas",40872,39,113618,5617,0.394,0.017,832,260,3459,445,7707,572,9858,681,4466,544,26322,573,PLACE,46175,88,133266,4991,0.415,0.0165,1234,362,4065,514,7819,522,11252,588,5910,532,30280,536,122483.216,0.129746526,0.088034789,0.053299492,0.009144432,0.002836041,-0.03457365,-0.0029172,0.025510377
4865408,"Sanger city, Texas",7091,35,50288,7350,0.3779,0.0341,298,122,1470,250,1545,215,507,143,101,61,3921,234,PLACE,8023,27,62606,4647,0.402,0.0586,797,236,1737,255,1576,276,803,139,277,113,5190,273,54211.79711,0.131434212,0.15484089,0.063773485,0.077563527,-0.04022228,-0.090371248,0.025416868,0.027613134
4853130,"Oak Point city, Texas",2904,24,90926,13554,0.3592,0.039,75,43,514,126,766,128,488,109,230,70,2073,113,PLACE,3878,47,86162,7381,0.4285,0.0491,151,62,521,127,970,133,990,157,257,75,2889,132,98020.6384,0.335399449,-0.120981036,0.192928731,0.01608777,-0.067610613,-0.033756466,0.107271506,-0.021992197
4843012,"Little Elm city, Texas",27966,47,83223,7815,0.3223,0.0205,1904,620,3336,441,6889,630,4046,444,1090,279,17265,609,PLACE,42889,66,95377,5577,0.3529,0.019,1827,421,4774,759,8724,691,7055,798,4221,653,26601,727,89716.6002,0.533612243,0.063092001,0.0949426,-0.041599287,-0.013756347,-0.071057753,0.030868649,0.095544738
4826232,"Flower Mound town, Texas",66523,409,120855,4481,0.353,0.0138,983,269,4753,487,11555,700,16456,727,7095,551,40842,566,PLACE,73252,78,134184,2690,0.3783,0.0107,1583,288,5364,434,11359,620,19353,656,10382,669,48041,569,130284.8938,0.101152985,0.029927539,0.071671388,0.00888266,-0.004720672,-0.046475673,-7.52E-05,0.042388844
4872530,"The Colony city, Texas",37614,36,72263,4220,0.3583,0.0165,1424,318,5815,701,9256,805,5665,638,2540,398,24700,669,PLACE,42215,38,83094,3487,0.4096,0.0368,1926,474,6081,745,10500,740,8204,826,2776,519,29487,657,77901.42965,0.122321476,0.066655649,0.143176109,0.007665097,-0.029198629,-0.018647718,0.048872076,-0.008690826
4813024,"Carrollton city, Texas",122613,132,68811,2297,0.4028,0.012,12169,793,15635,879,23833,1025,21554,1096,7998,597,81189,1041,PLACE,133438,84,75820,2061,0.4055,0.0082,12142,824,19070,922,24245,1054,24787,932,10363,616,90607,1121,74180.08214,0.088285908,0.022107253,0.006703078,-0.01587753,0.017894041,-0.025965437,0.008086746,0.01586218
4842508,"Lewisville city, Texas",97462,258,58580,1761,0.3814,0.0158,8100,724,13957,927,21140,1046,13726,836,5332,522,62255,1133,PLACE,104789,456,63056,1571,0.3897,0.012,8864,783,15051,992,21686,943,17296,1047,6518,580,69415,899,63150.79292,0.075178018,-0.001501057,0.02176193,-0.002414288,-0.007364494,-0.027160257,0.028687765,0.008251274
4869032,"Southlake city, Texas",27006,279,172951,14858,0.458,0.026,330,152,1530,247,3571,354,7208,454,4169,405,16808,386,PLACE,30840,275,230700,16813,0.4381,0.0361,119,73,1918,685,4068,490,7616,656,5498,509,19219,560,186445.7628,0.141968451,0.237357162,-0.043449782,-0.013441718,0.008768994,-0.000792814,-0.032568888,0.038034426
4816612,"Coppell city, Texas",39551,404,110445,4285,0.4049,0.0174,930,220,2770,373,5686,495,9656,577,6284,448,25326,560,PLACE,41512,212,123802,5104,0.4134,0.0132,796,238,2257,335,5895,491,11289,670,8295,539,28532,437,119062.6378,0.049581553,0.03980562,0.020992838,-0.008822656,-0.030269602,-0.017902237,0.01439275,0.042601745
4833020,"Hebron town, Texas",702,250,103250,30831,0.3455,0.0503,48,64,57,58,80,62,162,62,133,95,480,184,PLACE,239,79,90625,84195,0.4959,0.1274,4,6,62,57,24,10,53,31,36,24,179,68,111306.2371,-0.65954416,-0.185804836,0.435311143,-0.077653631,0.227618715,-0.032588454,-0.041410615,-0.075966015
4867100,"Shady Shores town, Texas",2676,26,110647,14632,0.3881,0.0393,63,56,354,88,602,132,537,110,247,81,1803,116,PLACE,2828,23,106719,23634,0.4076,0.0588,80,55,350,99,631,124,610,124,279,70,1950,115,119280.3992,0.056801196,-0.105309835,0.050244782,0.006083877,-0.016852255,-0.010298221,0.014983574,0.006083024
4858016,"Plano city, Texas",266740,65,82484,1420,0.4423,0.0085,11775,905,23696,1047,46190,1522,60579,1443,35980,1346,178220,1312,PLACE,284579,67,92121,1486,0.4457,0.0089,13006,937,24714,1035,47392,1349,68901,1784,42768,1442,196781,1365,88919.93861,0.066877859,0.035999366,0.00768709,2.38E-05,-0.00736787,-0.018337795,0.010229166,0.015452746
4819972,"Denton city, Texas",117895,99,48182,1492,0.4748,0.0147,7964,807,11394,787,21366,1032,15356,929,9154,688,65234,1110,PLACE,133661,79,56489,1920,0.4575,0.0127,7608,712,15246,1277,25400,1258,19336,981,10455,761,78045,1325,51941.47328,0.133729166,0.087550977,-0.036436394,-0.024601354,0.020685318,-0.002075325,0.012355782,-0.006364421
4842808,"Lincoln Park town, Texas",273,65,45000,14224,0.3258,0.0631,36,25,85,27,73,34,13,12,3,4,210,53,PLACE,78,42,42500,10119,0.3626,0.0983,14,12,16,14,24,18,0,13,4,6,58,29,48511.19293,-0.714285714,-0.123913525,0.112952732,0.069950739,-0.128899836,0.066174056,-0.061904762,0.054679803
4817024,"Corral City town, Texas",52,37,47857,31040,0.2653,0.1275,7,12,7,8,23,24,0,13,0,13,37,28,PLACE,6,12,,,,,0,13,0,13,3,6,0,13,0,13,3,6,51591.11466,-0.884615385,,,-0.189189189,-0.189189189,0.378378378,0,0
4804000,"Arlington city, Texas",371267,106,52933,943,0.4357,0.0073,35562,1458,52603,1598,72834,1864,46026,1512,19977,952,227002,1831,PLACE,392462,129,58502,1425,0.436,0.0066,37553,1714,57997,2098,78907,2000,48606,1617,24255,1291,247318,2036,57063.17722,0.057088295,0.025214558,0.000688547,-0.004818463,0.00277452,-0.001801022,-0.006223523,0.010068488
4852356,"North Richland Hills city, Texas",64677,42,63046,2289,0.4042,0.0147,3754,556,10310,667,16295,843,9342,611,3585,389,43286,899,PLACE,69800,39,68146,2544,0.4162,0.0147,4055,508,10690,651,16499,812,11509,718,4390,351,47143,810,67965.25931,0.079208992,0.00265931,0.029688273,-0.000710609,-0.011426358,-0.026471933,0.028309206,0.010299694
4832984,"Heath city, Texas",7396,19,133819,21234,0.4167,0.0429,112,97,915,373,1424,306,1842,342,963,191,5256,246,PLACE,8410,28,155488,15044,0.4292,0.0549,254,147,774,227,1208,227,2093,319,1352,267,5681,239,144260.4295,0.137101136,0.077828484,0.0299976,0.023401458,-0.037843139,-0.058289843,0.017964432,0.054767092
4862828,"Rockwall city, Texas",38958,80,85710,5459,0.3771,0.0223,2249,440,4972,552,8071,622,6590,714,3100,425,24982,455,PLACE,43157,90,92269,4791,0.3974,0.0191,2141,358,4774,483,9408,743,7662,527,4235,508,28220,433,92397.65212,0.10778274,-0.001392374,0.053831875,-0.014156639,-0.029852496,0.010307969,0.007719639,0.025981527
4820540,"DISH town, Texas",305,178,87500,39364,0.276,0.0892,21,31,55,25,67,51,19,12,6,7,168,58,PLACE,419,77,113750,29299,0.3112,0.049,24,15,85,29,91,35,81,34,34,26,315,61,94327.31958,0.373770492,0.205907265,0.127536232,-0.048809524,-0.057539683,-0.109920635,0.144047619,0.072222222
4838488,"Kaufman city, Texas",6796,30,40891,4406,0.4031,0.0316,1082,222,1127,208,1239,183,438,109,140,65,4026,250,PLACE,7107,25,42610,5983,0.4674,0.0594,1036,185,1659,223,1331,211,366,115,152,73,4544,208,44081.582,0.045762213,-0.033383148,0.159513768,-0.040760147,0.085166379,-0.014835895,-0.028247072,-0.001323265
4845324,"Mabank town, Texas",3719,675,36618,9158,0.4165,0.042,461,171,945,225,516,135,131,67,84,71,2137,342,PLACE,3194,287,41563,7662,0.6109,0.1678,211,94,913,244,730,189,103,83,196,109,2153,320,39475.17472,-0.14116698,0.052889577,0.466746699,-0.117720189,-0.018149252,0.097601784,-0.013460666,0.051728324
4866908,"Seven Points city, Texas",1559,298,27222,6936,0.41,0.0351,322,80,377,107,289,81,28,25,0,13,1016,166,PLACE,1305,297,38580,7032,0.4349,0.0614,227,81,399,114,200,65,60,36,21,14,907,189,29346.03764,-0.162924952,0.314657893,0.060731707,-0.0666535,0.068848805,-0.063941652,0.038593095,0.023153252
4838788,"Kemp city, Texas",1616,404,37153,6024,0.4306,0.0404,245,94,338,94,250,81,68,40,23,23,924,179,PLACE,996,253,37981,7063,0.4036,0.0482,130,86,284,79,150,57,55,38,33,19,652,172,40051.91891,-0.383663366,-0.05170586,-0.062703205,-0.065765012,0.069781956,-0.040501421,0.010762755,0.025721722
4817504,"Crandall city, Texas",2945,18,69194,17144,0.3107,0.0325,200,71,602,127,676,115,261,83,88,41,1827,163,PLACE,3491,29,81000,16356,0.3296,0.0373,229,106,725,138,790,125,351,97,129,44,2224,146,74592.96629,0.185398981,0.085893269,0.060830383,-0.006501449,-0.003512707,-0.014789646,0.014966598,0.009837204
4863404,"Rosser village, Texas",318,79,41458,14520,0.4005,0.0814,69,27,109,41,46,21,10,10,5,7,239,58,PLACE,249,90,38333,35388,0.4776,0.1013,50,28,70,30,36,23,6,7,5,5,167,49,44692.82303,-0.216981132,-0.142300768,0.192509363,0.010698269,-0.036905269,0.023100243,-0.00591286,0.009019618
4876816,"Waxahachie city, Texas",30412,53,54858,2511,0.3983,0.0192,2639,337,5488,469,5762,444,3069,361,1569,250,18527,443,PLACE,34285,49,62986,2644,0.4132,0.0203,2770,395,5896,526,8092,619,3649,372,1189,244,21596,598,59138.37826,0.127351046,0.065061333,0.037408988,-0.014176269,-0.023202812,0.063693459,0.003316343,-0.029630721
4808860,"Blue Mound city, Texas",2752,400,50313,5407,0.3417,0.0319,622,148,644,143,381,89,98,43,19,16,1764,250,PLACE,3398,526,60321,10725,0.358,0.0279,665,163,694,164,508,98,140,72,115,77,2122,317,54238.74777,0.234738372,0.112138508,0.047702663,-0.039224109,-0.038029412,0.023410401,0.010419939,0.043423181
4840744,"Lakeside town (Tarrant County), Texas",1573,286,76328,7663,0.3701,0.0353,71,43,299,70,487,113,323,83,97,38,1277,208,PLACE,1524,217,79167,13373,0.3958,0.046,87,39,274,75,484,93,229,62,122,44,1196,143,82283.60741,-0.031150668,-0.037876407,0.069440692,0.017143415,-0.005045532,0.023319706,-0.061464998,0.026047409
4822588,"Edgecliff Village town, Texas",2874,55,67045,6948,0.3322,0.0282,177,68,612,99,748,92,250,68,195,87,1982,94,PLACE,3002,24,72500,14936,0.4091,0.0433,330,92,492,98,635,116,304,66,242,56,2003,124,72276.28733,0.04453723,0.003095243,0.231487056,0.075449137,-0.063147458,-0.060372106,0.025637125,0.022433303
4824912,"Everman city, Texas",6192,49,41546,3460,0.4777,0.1228,1000,190,1657,267,926,169,231,134,42,35,3856,257,PLACE,6252,25,40156,5584,0.4838,0.0621,998,194,1614,247,968,214,201,99,71,57,3852,214,44787.68936,0.009689922,-0.103414341,0.012769521,-0.000249911,-0.010716802,0.011152799,-0.007725954,0.007539867
4819084,"Dalworthington Gardens city, Texas",2022,279,115972,17815,0.475,0.0452,68,51,159,57,417,101,480,112,365,91,1489,158,PLACE,2456,317,114375,21089,0.4685,0.0355,74,52,238,83,554,121,475,79,359,81,1700,159,125020.8904,0.214638971,-0.085152892,-0.013684211,-0.002138822,0.033216924,0.045828626,-0.042952238,-0.03395449
4826544,"Forest Hill city, Texas",12523,24,42685,3217,0.3608,0.0237,1870,301,2675,380,2482,350,588,169,254,111,7869,370,PLACE,12913,29,45114,5496,0.3719,0.0241,2398,428,2331,322,2169,286,589,170,332,127,7819,412,46015.56156,0.031142697,-0.019592536,0.030764967,0.069047457,-0.041821579,-0.038013717,0.000605727,0.010182111
4856640,"Pelican Bay city, Texas",1621,241,31250,5300,0.4493,0.0461,267,70,483,98,217,54,40,28,2,4,1009,150,PLACE,1620,305,31000,9237,0.4535,0.0586,222,68,498,148,259,71,49,28,3,6,1031,208,33688.32842,-0.000616903,-0.079799994,0.009347874,-0.049293507,0.004334414,0.036147995,0.007883462,0.000927636
4855020,"Pantego town, Texas",2669,349,71000,12804,0.4359,0.0482,141,60,417,109,607,102,436,107,282,69,1883,200,PLACE,2532,16,61492,11659,0.4278,0.0332,143,71,432,102,552,116,593,97,297,72,2017,108,76539.88217,-0.051330086,-0.196601847,-0.018582244,-0.003983137,-0.00727565,-0.048684167,0.062455585,-0.002512631
4841056,"Lake Worth city, Texas",4638,19,46913,3548,0.36,0.0366,503,131,1426,227,1044,183,336,126,132,58,3441,190,PLACE,4919,27,59136,4896,0.319,0.0298,622,143,1403,203,1085,222,299,109,95,64,3504,194,50573.45764,0.06058646,0.169309016,-0.113888889,0.031332979,-0.014014871,0.006245944,-0.012314983,-0.011249069
4861844,"Richland Hills city, Texas",7912,67,54248,3989,0.3985,0.05,999,275,1666,258,2341,310,682,176,251,92,5939,181,PLACE,8052,20,61431,5886,0.3625,0.0266,822,243,1856,305,1728,253,1068,232,306,111,5780,262,58480.78208,0.017694641,0.050447648,-0.09033877,-0.025995604,0.040588661,-0.095212166,0.069940939,0.010678169
4862384,"River Oaks city, Texas",7517,28,45768,7298,0.3484,0.0454,1482,300,1762,318,1060,287,306,135,118,74,4728,311,PLACE,7683,19,51840,10323,0.3686,0.0571,1221,277,1782,335,1480,406,501,205,180,101,5164,395,49339.11728,0.022083278,0.050687626,0.057979334,-0.07700716,-0.027592103,0.062403258,0.032297003,0.009899001
4864064,"Sachse city, Texas",20930,40,87171,6119,0.3391,0.0316,978,332,3218,499,4928,678,3169,447,1441,305,13734,627,PLACE,25133,37,101253,3735,0.2931,0.0216,1974,632,3751,640,5398,809,3608,513,1687,317,16418,654,93972.64885,0.200812231,0.077473086,-0.1356532,0.049023754,-0.00584026,-0.030032054,-0.010982425,-0.002169015
4816216,"Combine city, Texas",1913,325,68438,16051,0.4212,0.0441,236,97,445,108,447,107,122,32,119,68,1369,192,PLACE,1832,425,75481,10989,0.4674,0.0808,302,133,423,127,336,77,107,46,79,29,1247,240,73777.97825,-0.042341871,0.023083063,0.10968661,0.06979263,0.014159329,-0.057069033,-0.003310209,-0.023572718
4866428,"Seagoville city, Texas",15099,38,42700,5268,0.4008,0.0341,2296,414,3923,523,3020,420,920,304,421,192,10580,457,PLACE,16357,26,48341,5856,0.4071,0.0495,3226,513,3787,609,2586,428,682,212,253,122,10534,516,46031.73195,0.083316776,0.050166873,0.015718563,0.089233208,-0.011291388,-0.039953443,-0.022213784,-0.015774593
4807132,"Bedford city, Texas",47727,58,62169,2014,0.4199,0.0208,1963,261,6929,608,13583,721,8709,688,3306,362,34490,535,PLACE,49306,52,66636,3427,0.3885,0.0131,1895,406,7099,541,13083,710,9230,622,4584,455,35891,647,67019.83007,0.033083999,-0.005727112,-0.074779709,-0.004116296,-0.003105493,-0.029303944,0.004659562,0.031866171
4865660,"Sansom Park city, Texas",4720,41,35046,8482,0.3801,0.0332,1103,192,1050,171,633,151,92,69,44,52,2922,170,PLACE,5250,28,53670,9394,0.3826,0.0474,818,257,1506,264,705,188,177,90,13,23,3219,247,37780.51705,0.112288136,0.420573465,0.006577217,-0.123364992,0.108504242,0.002379672,0.023500736,-0.011019658
4878544,"White Settlement city, Texas",16372,32,38244,3616,0.4142,0.0382,2439,324,3852,324,3251,437,759,180,321,136,10622,376,PLACE,17396,35,48237,3048,0.43,0.0446,2067,425,4733,531,3192,426,1024,244,336,135,11352,431,41228.04583,0.06254581,0.170004521,0.038145823,-0.047535322,0.054287367,-0.024878956,0.018748899,-0.000621989
4807552,"Benbrook city, Texas",21655,27,65568,2570,0.3985,0.0204,1018,234,3575,340,5730,410,3353,321,1959,252,15635,315,PLACE,22961,47,71281,2405,0.378,0.0149,719,166,3940,396,5847,396,3844,381,2054,235,16404,385,70684.04217,0.060309397,0.00844544,-0.051442911,-0.021279556,0.011531659,-0.010047995,0.019878341,-8.24E-05
4838896,"Kennedale city, Texas",6936,32,73854,8696,0.3987,0.037,621,168,1225,271,1933,249,749,142,346,126,4874,294,PLACE,7998,22,75000,15315,0.4137,0.0364,819,357,1538,370,1404,267,967,216,512,184,5240,323,79616.56983,0.153114187,-0.057985038,0.037622272,0.028886959,0.042177843,-0.128655242,0.030869437,0.026721003
4835576,"Hurst city, Texas",37822,60,51908,2204,0.4267,0.0169,3537,428,6738,578,8415,623,4753,447,1809,254,25252,615,PLACE,38986,60,61509,4238,0.4149,0.0202,3488,550,6517,597,8708,666,5354,525,2155,331,26222,757,55958.20005,0.030775739,0.09919547,-0.02765409,-0.007050037,-0.018298583,-0.001153371,0.015956981,0.01054501
4831928,"Haltom City city, Texas",42906,40,43645,3453,0.3967,0.0186,7124,766,8970,728,7130,607,2208,356,960,250,26392,858,PLACE,44275,32,50448,2529,0.3766,0.0192,6731,717,9710,905,7574,780,2149,310,880,176,27044,950,47050.467,0.031906959,0.072210399,-0.050668011,-0.021039585,0.0191688,0.009904497,-0.004198618,-0.003835094
4824768,"Euless city, Texas",52127,49,54576,2078,0.418,0.0204,3764,507,7700,637,12149,704,7998,733,2596,399,34207,702,PLACE,55047,58,63327,2688,0.3938,0.0152,4078,522,8343,654,12760,745,8997,605,4455,505,38633,815,58834.37478,0.056017035,0.07636055,-0.057894737,-0.004478533,-0.009144854,-0.024873646,-0.000927989,0.039425022
4877788,"Westover Hills town, Texas",734,194,205833,106096,0.5858,0.0781,3,5,49,39,67,32,263,80,170,57,552,131,PLACE,533,120,228750,58621,0.4926,0.0535,0,13,7,8,43,24,199,57,146,39,395,86,221893.4305,-0.273841962,0.030900282,-0.159098668,-0.005434783,-0.071046597,-0.012516052,0.027348193,0.061649239
4815988,"Colleyville city, Texas",23465,39,153021,10863,0.4278,0.0285,280,109,1622,299,3725,402,6316,496,3800,343,15743,342,PLACE,26037,42,175369,12711,0.4314,0.0239,218,114,1739,367,4367,478,6978,531,5086,536,18388,453,164960.6945,0.109610058,0.06309567,0.008415147,-0.005930125,-0.008457371,0.000878745,-0.02170756,0.035216311
4839916,"Krugerville city, Texas",1589,297,87500,14375,0.379,0.0515,34,17,351,109,349,81,250,62,69,27,1053,193,PLACE,1600,201,100469,13963,0.3458,0.0608,75,41,309,72,442,81,259,61,106,39,1191,141,94327.31958,0.006922593,0.065110304,-0.087598945,0.030683593,-0.07388749,0.039682711,-0.019952588,0.023473774
4838332,"Justin city, Texas",3281,29,79881,10368,0.3465,0.0384,167,64,601,156,852,123,479,111,137,57,2236,185,PLACE,3660,21,91222,9289,0.3686,0.0357,207,101,610,115,953,134,567,102,223,92,2560,151,86113.8356,0.115513563,0.059318742,0.063780664,0.006172434,-0.030502292,-0.008771942,0.00726255,0.02583925
4839928,"Krum city, Texas",4340,24,77132,19259,0.3197,0.0446,162,73,671,157,1092,182,431,133,151,72,2507,188,PLACE,4973,20,80833,8800,0.2769,0.0275,262,174,689,201,981,239,865,218,383,136,3180,228,83150.34073,0.145852535,-0.027869287,-0.133875508,0.01777087,-0.050983912,-0.127089809,0.100093951,0.060208899
4841050,"Lakewood Village city, Texas",727,219,96250,19270,0.4021,0.0612,27,20,108,61,197,58,73,35,41,22,446,109,PLACE,479,89,107250,37944,0.4079,0.0593,22,15,87,35,140,35,117,53,24,14,390,72,103760.0515,-0.341127923,0.033634799,0.014424273,-0.00412786,-0.019075543,-0.082729677,0.13632287,-0.03038979
4840516,"Lake Dallas city, Texas",7205,49,67701,4565,0.3545,0.0333,308,154,1686,324,1506,260,1057,279,327,138,4884,281,PLACE,7832,23,67908,17625,0.3609,0.0401,409,241,1371,291,2065,379,986,335,300,132,5131,339,72983.47272,0.087022901,-0.069542768,0.018053597,0.016648494,-0.078009469,0.094101853,-0.024255696,-0.008485182
4838080,"Joshua city, Texas",5910,21,54964,6544,0.401,0.0407,729,214,1128,252,1304,252,521,166,69,59,3751,301,PLACE,7106,29,58586,10337,0.3963,0.0351,679,206,1567,295,1670,305,375,144,275,132,4566,292,59252.64907,0.202368866,-0.011250958,-0.011720698,-0.045640333,0.042468979,0.018106195,-0.056767516,0.041832676
4837072,"Italy town, Texas",1917,248,43958,7400,0.3708,0.0352,262,87,412,93,407,99,107,46,31,25,1219,153,PLACE,1858,283,46429,5302,0.3549,0.0332,147,57,478,142,441,85,102,32,30,19,1198,176,47387.8893,-0.030777256,-0.020234902,-0.042880259,-0.092225763,0.061016378,0.034233293,-0.002634963,-0.000388945
4805612,"Bardwell city, Texas",601,154,32500,6088,0.3659,0.0732,157,62,89,38,71,34,12,12,5,7,334,78,PLACE,623,151,47188,10718,0.3373,0.0335,190,59,115,43,58,28,13,18,5,8,381,82,35035.86156,0.036605657,0.346848569,-0.078163433,0.028627784,0.035370204,-0.060343879,-0.001807409,-0.0018467
4803768,"Argyle city, Texas",3369,27,113177,11592,0.4031,0.0358,40,33,364,102,701,143,789,119,363,89,2257,110,PLACE,3988,17,146667,43866,0.3883,0.0376,62,52,356,111,746,163,1191,203,628,153,2983,190,122007.8063,0.183734046,0.202111607,-0.036715455,0.003061805,-0.041933087,-0.06050547,0.0496834,0.049693352
4804600,"Aubrey city, Texas",2653,22,60202,7076,0.3277,0.0317,251,110,509,105,691,125,193,51,77,38,1721,105,PLACE,3313,19,68125,7512,0.3277,0.0366,204,93,632,117,832,130,397,90,167,69,2232,114,64899.35192,0.248774972,0.049702316,0,-0.054447589,-0.012604158,-0.028750893,0.065723281,0.030079359
4805768,"Bartonville town, Texas",1729,247,101964,16714,0.506,0.0867,103,55,189,72,312,73,320,71,207,56,1131,152,PLACE,1839,322,148750,12660,0.5322,0.0459,60,45,212,87,314,82,467,86,198,53,1251,200,109919.895,0.06362059,0.353258207,0.051778656,-0.043108219,0.002355675,-0.024862868,0.090365904,-0.024750491
4801924,"Allen city, Texas",87213,40,101636,5444,0.3835,0.0129,2310,468,7031,774,16743,961,18393,959,9435,695,53912,792,PLACE,99255,86,106736,3632,0.3997,0.0159,2742,475,8780,842,17245,1050,21398,1219,12640,953,62805,875,109566.3023,0.138075746,-0.025831869,0.042242503,0.000811341,0.009381553,-0.035981607,-0.000461729,0.026250442
4825488,"Farmersville city, Texas",3364,16,45819,16873,0.4588,0.0838,353,190,894,234,648,187,286,114,47,41,2228,224,PLACE,3469,30,44637,20666,0.4154,0.0652,254,153,1206,350,656,237,349,170,35,35,2500,235,49394.09664,0.031212842,-0.096309012,-0.094594595,-0.056838061,0.081143268,-0.028443806,0.011233752,-0.007095153
4827684,"Frisco city, Texas",123663,71,108284,3404,0.3738,0.0108,3069,529,8341,701,19888,1093,31367,1085,13200,716,75865,867,PLACE,165700,136,127133,2389,0.4078,0.0115,3559,486,9500,823,24773,944,39961,1246,25460,903,103253,936,116733.0225,0.339931912,0.089091991,0.090957731,-0.005984705,-0.017938286,-0.022224639,-0.026437885,0.072585514
4851036,"New Hope town, Texas",965,309,79904,8631,0.3295,0.0448,80,49,170,62,186,61,109,54,65,43,610,151,PLACE,643,131,90278,16937,0.3994,0.0484,53,44,161,53,125,40,107,37,38,17,484,101,86138.63021,-0.333678756,0.048054744,0.212139605,-0.021643409,0.053956104,-0.04665357,0.042385856,-0.02804498
4853115,"Oak Leaf city, Texas",1287,319,91500,12061,0.379,0.0505,85,47,178,55,316,94,224,64,66,31,869,173,PLACE,1486,326,112333,11445,0.3621,0.0404,79,34,324,89,329,88,212,74,96,35,1040,175,98639.42561,0.154623155,0.138824555,-0.044591029,-0.02185204,0.10670532,-0.04729021,-0.053921395,0.016358325
4856485,"Pecan Hill city, Texas",675,212,53309,7425,0.4551,0.0686,53,39,210,65,136,60,64,36,6,10,469,120,PLACE,744,151,75000,16201,0.4466,0.1094,50,26,209,58,180,54,52,30,31,20,522,97,57468.51519,0.102222222,0.305062429,-0.018677214,-0.017220956,-0.047378052,0.054848908,-0.036843696,0.046593796
4861196,"Red Oak city, Texas",10898,57,64992,4922,0.387,0.0301,896,312,1852,281,2263,312,1026,233,397,158,6434,358,PLACE,12366,32,68570,7021,0.3828,0.03,835,256,1972,339,3102,379,1158,253,493,162,7560,440,70063.0989,0.134703615,-0.021310775,-0.010852713,-0.028810445,-0.026999258,0.05859225,-0.006290737,0.00350819
4848096,"Midlothian city, Texas",18666,37,70010,5144,0.3531,0.0268,951,242,3111,405,4228,431,2070,302,851,180,11211,455,PLACE,23908,39,83378,5927,0.4262,0.0947,971,230,3530,388,5817,468,3113,415,1199,205,14630,394,75472.63593,0.280831458,0.104744772,0.207023506,-0.01845693,-0.036210286,0.020478051,0.028141869,0.006047296
4816696,"Corinth city, Texas",20126,44,87577,7226,0.3488,0.0282,589,244,2446,410,4579,564,3319,456,1852,333,12785,439,PLACE,21158,29,96670,6623,0.3626,0.0223,1031,349,2435,443,5016,528,4139,488,1927,345,14548,550,94410.32762,0.051276955,0.023934589,0.03956422,0.024799235,-0.023940992,-0.013364425,0.024905366,-0.012399185
4816636,"Copper Canyon town, Texas",1233,251,107500,36024,0.4024,0.0502,48,37,139,53,215,70,349,88,88,32,839,156,PLACE,1235,182,146250,20306,0.4509,0.0708,21,18,141,51,222,57,410,81,164,43,958,148,115887.8498,0.00162206,0.261995975,0.120526839,-0.035290297,-0.018491792,-0.024524673,0.012003553,0.066303209
4802260,"Alvarado city, Texas",3804,18,42537,6901,0.372,0.0542,605,194,944,217,763,215,204,126,0,13,2516,237,PLACE,4044,19,46268,13489,0.3999,0.0583,424,202,1035,242,836,245,217,145,110,123,2622,203,45856.01363,0.063091483,0.008984348,0.075,-0.07875243,0.019538114,0.015581438,0.00168017,0.041952708
4810216,"Briaroaks city, Texas",653,163,89444,7245,0.3059,0.0476,18,11,125,34,133,37,103,42,51,30,430,94,PLACE,563,179,68438,15081,0.4549,0.074,13,17,105,39,117,34,94,29,36,15,365,70,96423.00311,-0.137825421,-0.290231607,0.487087283,-0.006244027,-0.003026442,0.01124562,0.017999363,-0.019974514
4831715,"Hackberry town, Texas",1072,305,57063,18627,0.4867,0.1018,236,102,113,39,98,45,87,41,50,25,584,137,PLACE,1805,376,96111,13126,0.3279,0.047,174,78,225,86,302,99,376,104,160,103,1237,254,61515.42671,0.683768657,0.562388577,-0.326279022,-0.263446695,-0.011601477,0.076330827,0.154988594,0.043728752
4821028,"Double Oak town, Texas",2922,24,125179,15499,0.3682,0.0414,91,48,280,123,642,104,618,126,264,86,1895,145,PLACE,3065,28,151958,14431,0.3831,0.0309,57,29,255,71,566,89,865,108,385,85,2128,103,134946.2804,0.048939083,0.126062901,0.040467137,-0.021235394,-0.027926429,-0.072808836,0.08036359,0.041607068
4817917,"Cross Timber town, Texas",316,108,85313,25373,0.3421,0.0595,17,11,101,47,81,37,28,16,3,6,230,87,PLACE,356,131,92500,29550,0.3494,0.0718,30,23,95,36,57,28,40,18,28,28,250,73,91969.6756,0.126582278,0.005766296,0.02133879,0.046086957,-0.059130435,-0.124173913,0.03826087,0.098956522
4829972,"Godley city, Texas",1124,254,43750,13943,0.3664,0.0521,126,58,256,96,205,59,79,45,21,24,687,169,PLACE,1142,196,44773,14076,0.4281,0.0596,90,40,242,71,244,68,57,32,26,22,659,121,47163.65979,0.016014235,-0.050688598,0.168395197,-0.046835552,-0.005411578,0.071859131,-0.028498033,0.008886032
4862240,"Rio Vista city, Texas",841,219,51667,20822,0.3737,0.0534,102,60,215,70,214,68,27,16,2,5,560,146,PLACE,1039,255,57266,18139,0.3968,0.0496,95,35,201,62,193,66,69,39,15,11,573,128,55698.39566,0.235434007,0.028144515,0.06181429,-0.016348791,-0.033143231,-0.045319122,0.072204562,0.022606582
4817960,"Crowley city, Texas",13287,64,63224,2545,0.3562,0.0282,941,331,2254,300,3154,388,1132,264,565,164,8046,379,PLACE,15189,134,72788,5023,0.3408,0.0283,707,269,2597,429,3901,480,1542,328,478,205,9225,383,68157.14803,0.143147437,0.067943746,-0.043234138,-0.040312957,0.001378416,0.030876606,0.026463445,-0.01840551
4833848,"Highland Village city, Texas",15364,23,129688,4168,0.3259,0.0215,193,81,1290,242,3090,374,3939,364,1850,283,10362,219,PLACE,16342,30,143854,6754,0.365,0.0215,250,95,1355,221,3093,322,4400,292,2022,214,11120,314,139807.102,0.063655298,0.028946298,0.119975453,0.003856266,-0.002640823,-0.020057498,0.015544484,0.00329757
4821628,"Duncanville city, Texas",39000,71,56818,2082,0.3902,0.0241,4564,547,6146,626,7471,595,4104,512,1972,325,24257,726,PLACE,39630,82,55224,4002,0.4024,0.0186,4084,389,6842,702,8337,674,3519,438,2289,315,25071,757,61251.31021,0.016153846,-0.09840296,0.031266017,-0.025254502,0.019534789,0.02454203,-0.028826902,0.010004585
4825452,"Farmers Branch city, Texas",29405,48,57692,3157,0.4214,0.0263,3688,387,4640,440,5108,402,4036,401,1954,288,19426,448,PLACE,35552,59,71032,2573,0.4083,0.0218,3862,387,4941,481,6323,604,6436,507,2780,362,24342,536,62193.50538,0.209046081,0.142112823,-0.031086853,-0.031192835,-0.035872643,-0.003189768,0.056636189,0.013619057
4835612,"Hutchins city, Texas",5333,21,35213,6474,0.3913,0.0406,954,171,1301,192,968,196,230,95,66,47,3519,177,PLACE,5726,28,38242,4860,0.499,0.0821,1177,199,1418,184,934,180,154,71,68,51,3751,213,37960.54748,0.073692106,0.007414343,0.275236392,0.042683247,0.008325221,-0.026077881,-0.024303759,-0.000626829
4837000,"Irving city, Texas",220856,126,50778,1050,0.4582,0.0112,28568,1152,29448,1302,34530,1211,30293,1361,17599,908,140438,1484,PLACE,238637,67,61937,1317,0.4374,0.009,31027,1413,30674,1148,34661,1475,32691,1191,22215,1131,151268,1479,54740.0301,0.080509472,0.131475447,-0.045395024,0.001692053,-0.006907664,-0.016737257,0.000409397,0.02154347
4841212,"Lancaster city, Texas",37087,37,51131,3174,0.378,0.0159,3188,526,6820,584,8395,762,3072,568,1177,238,22652,745,PLACE,39162,34,53311,2614,0.4121,0.0321,3128,548,6895,704,8668,704,3028,509,1419,303,23138,714,55120.57345,0.055949524,-0.032829366,0.09021164,-0.005549258,-0.003082527,0.004014382,-0.004750192,0.009367594
4871156,"Sunnyvale town, Texas",5310,27,90640,13379,0.3752,0.0318,382,116,564,159,1055,186,949,196,763,178,3713,222,PLACE,6284,28,137969,12223,0.3507,0.0531,282,144,763,219,1127,221,1168,241,760,161,4100,191,97712.32282,0.183427495,0.411991815,-0.065298507,-0.034101279,0.034198827,-0.009258768,0.029289576,-0.020128356
4879576,"Wilmer city, Texas",3729,24,38988,9370,0.4225,0.0759,929,194,569,141,539,153,248,108,18,18,2303,241,PLACE,4185,18,41125,8617,0.3328,0.0372,862,148,689,183,793,185,195,92,13,16,2552,194,42030.09755,0.122284795,-0.02153451,-0.212307692,-0.065612592,0.022915286,0.076694124,-0.031274969,-0.002721848
4859576,"Princeton city, Texas",7184,25,45880,9113,0.3944,0.0304,596,191,1693,291,1425,250,808,268,245,124,4767,291,PLACE,9765,28,63635,7095,0.4159,0.0413,725,259,1622,264,2184,286,1176,263,248,87,5955,309,49459.85625,0.359270601,0.286598968,0.054513185,-0.00327979,-0.082773835,0.067820485,0.027982472,-0.009749331
4859696,"Prosper town, Texas",10969,360,118281,13301,0.3912,0.0426,310,126,954,239,2239,306,2085,297,859,180,6447,359,PLACE,19103,346,140815,8543,0.3831,0.0185,263,105,1432,258,3022,307,4395,276,2027,263,11139,401,127510.0536,0.741544352,0.104344293,-0.020705521,-0.024473643,-0.019418482,-0.075994275,0.07115342,0.04873298
4845744,"McKinney city, Texas",137643,57,81118,2169,0.4096,0.0121,6547,735,13983,987,24674,1411,27347,1200,11519,893,84070,999,PLACE,173460,64,89964,1951,0.4131,0.0102,8645,1157,16662,1005,34102,1212,33908,1304,16173,893,109490,1330,87447.35439,0.260216647,0.028778979,0.008544922,0.001081402,-0.0141474,0.017968717,-0.015598067,0.010695348
4817200,"Cottonwood city, Texas",156,81,68750,79380,0.4173,0.1063,23,17,33,20,40,25,10,10,1,4,107,54,PLACE,222,68,101250,15222,0.4751,0.2036,12,10,55,25,68,34,14,13,26,15,175,49,74114.32252,0.423076923,0.366132706,0.138509466,-0.146381842,0.005874499,0.014739653,-0.013457944,0.139225634
4861736,"Rice city, Texas",1209,363,40750,9587,0.4098,0.0777,151,59,229,56,257,133,37,25,0,13,674,162,PLACE,917,172,63625,12292,0.3096,0.0647,178,61,169,41,180,55,55,27,14,15,596,106,43929.58026,-0.241521919,0.448340722,-0.244509517,0.07462211,-0.056205564,-0.079292215,0.037385737,0.023489933
4825572,"Fate city, Texas",7123,20,83956,6881,0.2956,0.0394,233,112,804,231,1512,255,1393,221,501,165,4443,237,PLACE,11705,48,108237,9393,0.3054,0.0346,327,137,1395,240,2263,378,2040,336,890,221,6915,308,90506.79363,0.643268286,0.195899177,0.033152909,-0.00515354,0.020776546,-0.01305102,-0.01851605,0.015944065
4850760,"Nevada city, Texas",1066,185,70625,16139,0.4067,0.0659,82,32,255,78,261,69,82,34,29,15,709,112,PLACE,814,135,72500,16567,0.4334,0.0679,53,24,179,52,150,35,104,33,48,22,534,82,76135.62223,-0.236397749,-0.047751921,0.065650357,-0.016404917,-0.024455503,-0.087225242,0.079100701,0.048984961
4850100,"Murphy city, Texas",18412,37,118231,7297,0.3329,0.027,394,165,1610,389,2536,436,4232,494,1873,347,10645,359,PLACE,20528,40,132589,20362,0.3476,0.0248,709,274,1841,380,3119,519,4816,465,2324,358,12809,509,127456.1522,0.114925049,0.040271479,0.044157405,0.018339024,-0.007517649,0.005266751,-0.021571904,0.005483778
4872284,"Terrell city, Texas",16027,31,40036,4556,0.4721,0.0667,2778,344,3042,365,2844,394,923,201,498,195,10085,349,PLACE,17378,30,44563,3984,0.4313,0.053,1761,320,3915,444,3755,453,1233,245,505,177,11169,376,43159.86933,0.084295252,0.032510077,-0.086422368,-0.117790055,0.048887678,0.054195432,0.01887278,-0.004165835
4852902,"Oak Grove town, Texas",683,181,79167,12252,0.2941,0.0513,36,24,119,43,162,48,88,36,20,12,425,79,PLACE,779,173,90500,20691,0.4126,0.0768,49,41,172,57,175,53,81,28,32,17,509,96,85344.12467,0.140556369,0.060412774,0.402924175,0.011561308,0.057917485,-0.037365076,-0.047923264,0.015809546
4830752,"Grays Prairie village, Texas",344,104,70313,22745,0.3463,0.0568,36,23,109,40,86,41,21,12,1,2,253,65,PLACE,270,67,81875,13309,0.3214,0.0893,28,14,93,26,51,19,30,15,0,13,202,49,75799.27796,-0.215116279,0.080155408,-0.071902974,-0.003678629,0.029566,-0.087445701,0.065510899,-0.003952569
4871756,"Talty town, Texas",1786,439,102440,21180,0.3344,0.0484,89,48,353,155,468,158,163,58,117,65,1190,284,PLACE,2302,23,126078,11030,0.3225,0.0318,114,57,265,73,497,91,285,60,225,57,1386,92,110433.0356,0.288913774,0.141669241,-0.035586124,0.007461166,-0.105440964,-0.034691452,0.068652916,0.064018335
4866368,"Scurry town, Texas",709,205,51786,16161,0.4034,0.0728,33,22,171,57,206,112,89,45,10,8,509,144,PLACE,505,122,69583,24168,0.3456,0.0507,56,25,80,28,135,43,63,33,15,12,349,71,55826.68082,-0.287729196,0.246411196,-0.143282102,0.095625447,-0.106726488,-0.017895643,0.005663107,0.023333577
4853160,"Oak Ridge town (Kaufman County), Texas",560,158,65313,15008,0.4239,0.1136,23,17,112,36,182,53,20,15,4,5,341,77,PLACE,529,152,84464,15145,0.4067,0.0984,31,16,107,43,148,37,57,32,16,8,359,84,70409.14541,-0.055357143,0.199616889,-0.040575607,0.018902295,-0.030395609,-0.121468073,0.100123347,0.03283804
4859066,"Post Oak Bend City town, Texas",915,375,85893,23633,0.4201,0.0988,99,73,182,69,231,122,108,35,18,14,638,240,PLACE,420,112,83594,22957,0.3916,0.0565,25,18,76,28,129,53,47,21,21,17,298,74,92594.93098,-0.540983607,-0.0972076,-0.06784099,-0.071279796,-0.030232901,0.070816941,-0.011560876,0.042256633
4817852,"Cross Roads town, Texas",851,166,106250,26834,0.3298,0.0443,30,26,147,52,168,60,177,54,97,30,619,112,PLACE,1202,197,138438,10796,0.3895,0.059,38,19,143,48,257,79,281,55,132,37,851,134,114540.3166,0.412455934,0.208639928,0.181018799,-0.003811918,-0.069442203,0.030592157,0.044254692,-0.001592729
4833476,"Hickory Creek town, Texas",3439,28,82083,10412,0.3401,0.0284,71,37,590,130,1023,132,556,99,158,64,2398,120,PLACE,4442,22,107731,10130,0.3256,0.0266,171,112,691,224,1119,255,883,241,506,142,3370,204,88487.64997,0.291654551,0.217469331,-0.042634519,0.021133833,-0.040993855,-0.094558027,0.030157921,0.084260128
4813492,"Cedar Hill city, Texas",45505,187,67299,3083,0.3932,0.0201,2386,436,5751,507,10937,728,5599,625,3317,429,27990,739,PLACE,48704,184,70327,3845,0.3887,0.0184,2560,449,6975,597,11569,807,5563,592,3437,434,30104,825,72550.10606,0.070299967,-0.030642354,-0.011444557,-0.000206197,0.026230547,-0.006445606,-0.015243008,-0.004335735
4829840,"Glenn Heights city, Texas",11459,32,54403,7178,0.3725,0.0431,949,318,2284,356,2177,332,775,208,462,168,6647,356,PLACE,12581,46,65051,7396,0.3871,0.0317,1653,537,1989,370,2358,406,1138,291,471,150,7609,351,58647.87619,0.097914303,0.109179125,0.039194631,0.074471564,-0.082212688,-0.017619997,0.03296578,-0.007604659
4824348,"Ennis city, Texas",18631,50,43688,2389,0.4397,0.0293,2918,419,3432,449,3583,420,828,163,501,162,11262,457,PLACE,19196,31,54803,4629,0.4107,0.0201,3093,401,3653,395,3300,452,1228,238,421,132,11695,398,47096.82214,0.030325801,0.163624158,-0.06595406,0.005370594,0.007614099,-0.035977661,0.031480561,-0.008487592
4802044,"Alma town, Texas",325,115,45000,13886,0.3656,0.0678,66,51,57,22,59,27,26,20,7,10,215,75,PLACE,359,130,65750,36594,0.4113,0.083,61,48,81,26,85,35,23,14,12,13,262,69,48511.19293,0.104615385,0.355357311,0.125,-0.074152317,0.044044026,0.050008876,-0.033143973,0.013243387
4829036,"Garrett town, Texas",764,254,35242,12594,0.4089,0.0519,130,59,164,61,79,38,18,15,8,13,399,110,PLACE,1062,325,41905,5254,0.3478,0.0622,230,99,148,62,100,44,25,19,2,3,505,134,37991.81025,0.390052356,0.103000876,-0.149425287,0.129631008,-0.117958262,2.48E-05,0.004392169,-0.016089729
4854744,"Palmer town, Texas",2483,501,47411,7405,0.3918,0.0722,272,92,556,150,401,137,74,49,20,16,1323,232,PLACE,2053,488,54800,11424,0.3442,0.0484,300,93,482,145,358,94,73,42,12,9,1225,248,51110.31484,-0.173177608,0.072190617,-0.121490556,0.039304611,-0.026787604,-0.010854119,0.003658352,-0.00532124
4830464,"Grand Prairie city, Texas",178195,93,53927,1092,0.4028,0.0095,21903,997,28400,1146,31801,1203,17194,1069,6898,603,106196,1268,PLACE,191104,70,65249,1893,0.3932,0.0078,23633,1369,32878,1268,34186,1180,19083,1087,8289,593,118069,1681,58134.73557,0.07244311,0.12237545,-0.023833168,-0.006088089,0.011034253,-0.009913168,-0.000282341,0.005249345
4847268,"Maypearl city, Texas",856,311,58929,15203,0.3618,0.0524,62,46,214,91,136,55,77,58,28,37,517,169,PLACE,781,272,67794,12861,0.3305,0.0616,31,31,214,89,171,72,27,22,5,6,448,159,63527.02418,-0.087616822,0.067167885,-0.086511885,-0.050726202,0.063752072,0.118640336,-0.088668313,-0.042997893
4848408,"Milford town, Texas",636,158,32333,18419,0.4308,0.0644,98,58,198,57,121,42,10,11,5,5,432,110,PLACE,732,171,42386,10957,0.4067,0.0566,88,48,176,64,185,63,22,17,8,7,479,108,34855.83113,0.150943396,0.216037565,-0.055942433,-0.043135777,-0.090901183,0.106128702,0.022780871,0.005127387
4861796,"Richardson city, Texas",101528,61,69323,1884,0.4397,0.0087,5931,714,10863,831,16811,874,21112,1101,12481,768,67198,993,PLACE,114402,93,80953,3416,0.4384,0.012,5590,773,10149,827,19489,944,26396,1104,14913,706,76537,1340,74732.03171,0.126802458,0.083243666,-0.002956561,-0.015224985,-0.029054065,0.004463877,0.03070293,0.009112242
4830644,"Grapevine city, Texas",47688,61,76435,3110,0.4224,0.019,2550,456,6139,607,9034,655,9883,709,4440,487,32046,763,PLACE,52486,58,85722,3287,0.4333,0.0171,2835,552,5398,499,10542,837,11064,701,5179,608,35018,852,82398.95625,0.100612313,0.040328712,0.025804924,0.001385251,-0.037419076,0.019137918,0.007551372,0.009344535
4863572,"Rowlett city, Texas",56856,49,83368,3520,0.3401,0.0147,3741,535,7668,757,12621,843,8625,731,3620,535,36275,704,PLACE,62127,79,96286,5277,0.3609,0.0164,2628,459,9898,910,15101,1109,9688,852,4743,640,42058,927,89872.91404,0.092707894,0.071357272,0.061158483,-0.040643737,0.023956419,0.011126217,-0.007418491,0.012979591
4805372,"Balch Springs city, Texas",24294,41,38374,2380,0.4245,0.0401,4488,527,3848,500,3219,498,1022,210,308,150,12885,588,PLACE,25312,65,48295,5603,0.3814,0.0224,5375,569,3639,478,3564,394,669,171,252,122,13499,548,41368.18927,0.041903351,0.167442928,-0.101531213,0.049865652,-0.029066307,0.014194179,-0.029757809,-0.005235715
4820092,"DeSoto city, Texas",50014,39,60945,4302,0.406,0.0173,2779,445,7567,688,13454,891,6356,590,3050,568,33206,917,PLACE,53030,46,68954,2382,0.4025,0.0203,3585,680,7675,666,14006,993,6288,730,3589,553,35143,972,65700.32562,0.060303115,0.049522957,-0.00862069,0.018322086,-0.009487082,-0.006624645,-0.012485089,0.010274731
4819000,"Dallas city, Texas",1222167,170,42846,454,0.535,0.0044,200876,3234,172362,3459,175292,2877,144042,2719,84781,1854,777353,2913,PLACE,1318806,130,50100,497,0.5401,0.004,200327,2955,184050,3387,192110,2950,173416,2729,101941,2098,851844,3365,46189.12382,0.079071845,0.084670932,0.00953271,-0.023241626,-0.005668694,2.39E-05,0.018279124,0.010607265
4815796,"Cockrell Hill city, Texas",4246,23,34318,10073,0.3834,0.0392,1274,188,700,140,365,120,93,43,42,40,2474,163,PLACE,4268,20,44861,12498,0.3471,0.0291,1197,212,796,159,488,122,108,65,40,30,2629,182,36995.71375,0.005181347,0.212599933,-0.094679186,-0.059649338,0.019834118,0.038087552,0.003489313,-0.001761646
4827000,"Fort Worth city, Texas",761092,170,51315,716,0.4605,0.0072,93029,2128,113124,2702,134061,2633,83671,2114,39085,1314,462970,2577,PLACE,855786,248,59255,811,0.4612,0.005,97145,2436,133160,3242,149039,2543,102244,2184,49728,1816,531316,2219,55318.93033,0.124418599,0.07115231,0.001520087,-0.018101124,0.006278855,-0.009058208,0.011708774,0.009171703
4832720,"Haslet city, Texas",1921,361,93188,24648,0.3805,0.0511,104,71,329,118,507,128,321,74,95,46,1356,244,PLACE,1661,313,130192,25539,0.3856,0.0665,60,33,234,82,393,77,318,85,157,60,1162,190,100459.1344,-0.135346174,0.295969758,0.013403417,-0.025061053,-0.041248432,-0.035683823,0.036940429,0.065052879
4801240,"Addison town, Texas",14114,35,60096,5588,0.4796,0.0352,983,363,1337,291,2849,470,3595,466,1831,361,10595,592,PLACE,15626,67,73383,3662,0.4275,0.0229,580,171,1336,261,3215,306,4771,393,2190,289,12092,358,64785.08111,0.107127675,0.132714488,-0.108632193,-0.044814016,-0.015705328,-0.003022158,0.05524739,0.008294112
4847892,"Mesquite city, Texas",141201,138,50525,1891,0.3902,0.0116,16443,1177,24046,1247,29027,1332,10583,855,4874,625,84973,1295,PLACE,144250,124,56074,1923,0.392,0.0089,17228,978,25793,1013,28325,1350,10753,746,4937,545,87036,1241,54467.28939,0.021593331,0.029498634,0.004613019,0.004432556,0.013364631,-0.016162579,-0.000998865,-0.000635742
4874492,"University Park city, Texas",23460,21,173520,12301,0.5061,0.0181,66,55,481,134,1412,254,5532,333,4518,343,12009,371,PLACE,24954,30,214477,16765,0.511,0.017,44,33,498,174,1195,204,6353,407,5568,387,13658,377,187059.1599,0.063682864,0.146573095,0.009681881,-0.002274323,-0.003591147,-0.030083974,0.004494122,0.031455322
4877620,"Westlake town, Texas",1072,287,233750,85316,0.5254,0.0568,13,13,46,29,160,61,203,50,212,85,634,136,PLACE,974,165,250001,,0.4871,0.0452,9,11,56,31,118,38,213,60,203,51,599,99,251988.6966,-0.09141791,-0.007888039,-0.072896841,-0.00547969,0.020933944,-0.055370939,0.03540338,0.004513306
4861604,"Reno city (Parker and Tarrant Counties), Texas",2523,20,57656,13589,0.3824,0.0497,220,81,545,147,685,125,148,71,44,28,1642,150,PLACE,2811,51,53483,3462,0.4407,0.0556,344,90,778,141,582,121,120,51,76,41,1900,160,62154.69643,0.114149822,-0.13951796,0.152458159,0.047069684,0.077561382,-0.110858388,-0.026976088,0.01320341
4873710,"Trophy Club town, Texas",9037,255,124593,3877,0.3611,0.0492,65,64,542,138,1419,253,2445,322,1453,291,5924,271,PLACE,11790,135,142483,12790,0.3541,0.0348,204,120,638,203,2028,315,3245,340,1675,284,7790,286,134314.5569,0.304636494,0.060815769,-0.019385212,0.015215104,-0.009592363,0.020799663,0.003831805,-0.030254208
4857476,"Pilot Point city, Texas",3922,22,44895,15622,0.3856,0.0696,798,252,585,200,771,208,392,170,114,90,2660,278,PLACE,4292,15,49928,15062,0.3343,0.0443,451,300,781,211,1082,264,267,139,94,95,2675,303,48398.00014,0.094339623,0.031612874,-0.133039419,-0.131401869,0.072037805,0.114636357,-0.047555337,-0.007716956
4862504,"Roanoke city, Texas",6252,21,62317,3846,0.3261,0.0342,116,93,757,249,1963,326,1022,239,326,135,4184,253,PLACE,7899,40,88958,22487,0.4234,0.0526,457,211,1532,362,1329,227,1389,270,589,153,5296,271,67179.37799,0.263435701,0.324186122,0.298374732,0.058566875,0.108347582,-0.218224151,0.018009552,0.033300142
4852212,"Northlake town, Texas",2213,397,62337,6133,0.3669,0.0487,44,39,215,83,483,126,444,116,127,59,1313,211,PLACE,2524,22,81289,9051,0.3855,0.0294,32,25,296,106,521,99,576,108,174,65,1599,128,67200.93852,0.140533213,0.209640844,0.050695012,-0.013498536,0.021368553,-0.04203122,0.022068248,0.012092954
4858664,"Ponder town, Texas",1485,373,77105,16773,0.3258,0.0518,107,108,253,89,417,132,108,37,45,26,930,241,PLACE,1973,358,75385,14943,0.3556,0.0481,145,80,416,139,433,103,177,57,134,61,1305,243,83121.23401,0.328619529,-0.093071693,0.091467158,-0.003942652,0.046730936,-0.11658633,0.019503152,0.054294896
4850772,"Newark city, Texas",1275,333,56630,13614,0.4601,0.0935,116,58,260,78,317,89,98,51,29,16,820,164,PLACE,1326,238,45139,9875,0.4098,0.0441,237,92,251,63,246,58,77,32,8,7,819,139,61048.64123,0.04,-0.260605984,-0.10932406,0.147913875,-0.010601864,-0.086219065,-0.025495101,-0.025597844
4864220,"St. Paul town, Texas",1351,328,91429,14173,0.3026,0.0479,87,53,133,45,302,114,222,76,63,31,807,198,PLACE,1017,227,110125,13158,0.4468,0.1091,53,28,154,61,191,61,193,54,74,37,665,145,98562.88573,-0.247224278,0.117306978,0.476536682,-0.028107443,0.066771017,-0.087007482,0.015132627,0.033211281
4810192,"Briar CDP, Texas",5109,731,41597,7674,0.5288,0.1123,849,316,1188,280,1298,288,564,229,157,95,4056,641,PLACE,4685,715,61729,6169,0.4155,0.0451,441,160,1285,256,1220,258,550,182,130,68,3626,437,44842.66871,-0.082990801,0.376568384,-0.214258699,-0.087697905,0.061485589,0.016439184,0.01262904,-0.002855908
4810336,"Bristol CDP, Texas",220,124,47917,58436,0.2304,0.0677,29,32,36,42,46,51,67,43,0,13,178,102,PLACE,484,196,95163,45673,0.3036,0.1339,79,69,259,163,46,56,49,44,11,17,444,184,51655.79625,1.2,0.842252117,0.317708333,0.01500658,0.381086142,-0.154823363,-0.266044134,0.024774775
4823356,"Elmo CDP, Texas",605,486,65625,51405,0.3107,0.14,52,61,222,183,70,76,27,32,14,30,385,251,PLACE,1351,578,54605,31383,0.313,0.0835,190,98,603,277,114,87,13,22,0,13,920,331,70745.48968,1.233057851,-0.228148674,0.007402639,0.071456804,0.078811406,-0.057905138,-0.055999435,-0.036363636
4841404,"Lantana CDP, Texas",7809,507,137295,14485,0.309,0.0347,112,79,499,158,1246,277,2085,266,761,189,4703,233,PLACE,9536,593,142112,11227,0.3244,0.0338,232,123,646,276,1296,239,2361,340,1303,290,5838,437,148007.6496,0.221155077,-0.039833412,0.049838188,0.01592505,0.004551846,-0.042943441,-0.03891472,0.061381265
4854868,"Paloma Creek CDP, Texas",3181,537,69792,12051,0.3274,0.1054,76,78,329,95,867,278,298,149,85,68,1655,282,PLACE,3340,890,91116,12880,0.318,0.0732,76,110,361,191,801,227,578,205,105,75,1921,391,75237.62615,0.049984282,0.211042994,-0.028711057,-0.006358722,-0.010868584,-0.106896742,0.120824533,0.003299515
4854872,"Paloma Creek South CDP, Texas",3771,870,108988,40092,0.2765,0.0629,14,18,275,145,1187,336,482,195,291,186,2249,480,PLACE,6624,1052,106178,14697,0.3287,0.0533,222,156,583,237,1565,343,1429,354,815,261,4614,635,117491.9532,0.756563246,-0.096295558,0.188788427,0.041889445,0.004078006,-0.18860504,0.095392105,0.047245484
4856462,"Pecan Acres CDP, Texas",5051,922,93423,18436,0.3818,0.055,202,108,1032,286,764,204,517,157,319,153,2834,452,PLACE,5670,728,107813,25977,0.5135,0.055,329,114,743,148,1068,197,931,287,318,129,3389,378,100712.4706,0.12254999,0.070502981,0.344944997,0.025801438,-0.144910898,0.045553581,0.09228464,-0.018728761
4856498,"Pecan Plantation CDP, Texas",5288,390,87635,11030,0.3594,0.0458,410,267,858,245,1553,266,949,196,838,212,4608,341,PLACE,5987,541,81758,14522,0.4072,0.0422,120,74,903,242,1925,303,1083,236,884,239,4915,284,94472.85316,0.132186082,-0.134587373,0.132999444,-0.064560638,-0.002474621,0.05463562,0.014399699,-0.00200006
4861568,"Rendon CDP, Texas",13700,1190,66128,8754,0.4179,0.0309,1202,358,2591,452,3073,422,1284,292,643,184,8793,743,PLACE,13616,1099,82969,14112,0.4659,0.0278,1010,337,2619,472,2617,426,1900,392,1175,360,9321,689,71287.73702,-0.006131387,0.163860763,0.114860014,-0.028342175,-0.013687776,-0.068718676,0.057815542,0.052933085
4866000,"Savannah CDP, Texas",3590,945,86513,13398,0.3005,0.0565,117,100,285,116,866,262,681,251,161,92,2110,445,PLACE,6224,547,98800,11986,0.2778,0.0382,60,70,730,205,1158,315,1344,252,440,161,3732,371,93263.30741,0.733704735,0.059366247,-0.075540765,-0.039373067,0.060534483,-0.100137151,0.037379802,0.041595932
4873562,"Travis Ranch CDP, Texas",2796,447,89602,14626,0.2405,0.0384,140,95,344,126,586,182,448,103,154,80,1672,268,PLACE,3508,581,101993,12624,0.2831,0.1094,194,117,388,143,541,178,507,161,431,153,2061,302,96593.3313,0.254649499,0.055901051,0.177130977,0.010397006,-0.0174835,-0.087984534,-0.021945495,0.117016522
4877680,"Westminster CDP, Texas",741,325,37756,20138,0.4463,0.1257,237,198,129,93,124,92,66,68,9,15,565,278,PLACE,787,238,,,0.5126,0.1554,44,36,208,107,189,115,70,72,0,13,511,146,40701.96889,0.062078273,,0.148554784,-0.333363351,0.178726426,0.150393987,0.020172142,-0.015929204
